Workbook

Sheet Master Ratings
A1: 2026 Synthetic CFB Preseason Ratings Master — Unified Ensemble
A2: Separate source ratings plus a governed four-family unified preseason power rating: 25% TrueSkill, 25% Litkenhous, 25% Pure Baxter, and 25% Board family (12.5% Board I-H + 12.5% Board J-B).
A4: Conference | B4: Team | C4: Short | D4: Master Team ID | E4: Schedule ID | F4: TrueSkill 2026 Preseason μ | G4: TrueSkill Rank | H4: TrueSkill σ | I4: TrueSkill μ−3σ | J4: TrueSkill Carryover Status | K4: TrueSkill Prior Method | L4: Litkenhous Adjusted Power | M4: Litkenhous Adjusted Rating | N4: Litkenhous Adjusted Rank | O4: Litkenhous Offseason Composite | P4: Litkenhous Offseason Adjustment | Q4: Litkenhous Evidence Status | R4: Reconciliation | S4: Board I-H Power Rating (power_H) | T4: Board I-H Power Rank (rank_H) | U4: Board I-H Committee Rating (committee_H) | V4: Board I-H Committee Rank (rank_I) | W4: Board J-B Run2 Power Rating (power_Run2) | X4: Board J-B Run2 Power Rank (rank_Run2) | Y4: Board J-B Run2 Committee Rating (committee_Run2) | Z4: Board J-B Run2 Committee Rank (rank_I) | AA4: Board J-B Baseline | AB4: Board J-B Returning | AC4: Board J-B Movement | AD4: Board J-B Talent | AE4: Board J-B Coaching | AF4: Board J-B Market | AG4: Board J-B 247 Points | AH4: Board J-B Rank Shift | AI4: Board J-B Source Status | AJ4: Board J-A Expected Wins | AK4: Board J-B Expected Wins | AL4: Board J-C Expected Wins | AM4: 2025 Baxter Ridge Rating | AN4: 2025 Baxter Rank | AO4: 2025 Baxter Games | AP4: Baxter Carryforward Status | AQ4: 2026 Pure Baxter Rating | AR4: 2026 Pure Baxter Rank | AS4: Baxter Offseason Adjustment | AT4: 2026 Enhanced Baxter Rating | AU4: 2026 Enhanced Baxter Rank | AV4: SP+ Rating | AW4: SP+ Build Status | AX4: SP+ Blocking Evidence | AY4: Billingsley Seed Power | AZ4: Billingsley Seed Rating | BA4: Billingsley Seed Rank | BB4: Billingsley Uncertainty | BC4: Billingsley Active Rating | BD4: Billingsley Active Rank | BE4: Billingsley Build Status | BF4: Markov Schedule PageRank | BG4: Markov Topology Rank | BH4: Markov Scheduled Games | BI4: Markov Unique In-Field Opponents | BJ4: Markov Out-of-Field Games | BK4: Markov Performance Rating | BL4: Markov Build Status | BM4: TrueSkill Z | BN4: Litkenhous Z | BO4: Board I-H Z | BP4: Board J-B Z | BQ4: Board Family Z | BR4: Pure Baxter Z | BS4: Unified Master Z | BT4: Unified Master Power Index | BU4: Unified Neutral-Field Points | BV4: Unified Master Rank | BW4: Family Disagreement | BX4: Confidence Grade | BY4: Review Flag | BZ4: Included Family Count
A5: ACC | B5: Boston College | C5: BC | D5: 51 | E5: BC | F5: 21.002956 | G5: 106 | H5: 4.2785774 | I5: 8.1672237 | J5: 2025_POSTERIOR_CARRYOVER | K5: P0_REGRESSED_2025_POSTERIOR | L5: -4.2089536 | M5: 95.791046 | N5: 78 | O5: 0.57669524 | P5: 1.2271238 | Q5: Complete | R5: PASS | S5: 0.417909 | T5: 81 | U5: 0.402752 | V5: 75 | W5: 0.44355 | X5: 77 | Y5: 0.42611442 | Z5: 75 | AA5: 0.2095 | AB5: 0.586 | AC5: 0.4621 | AD5: 0.525 | AE5: 0.85 | AF5: 0.2474 | AG5: 14.38 | AH5: -5 | AI5: AVAILABLE — exact from 2026_Board_J-B_Run2.xlsx | AJ5: 3.91 | AK5: 4.16 | AL5: 5.02 | AM5: -10.830666 | AN5: 77 | AO5: 12 | AP5: 2025 Baxter fitted rating | AQ5: -7.5814663 | AR5: 79 | AS5: 0.99058335 | AT5: -6.590883 | AU5: 72 | AW5: BLOCKED | AX5: No play-by-play/drive efficiency, scoring-opportunity, explosiveness, field-position, havoc, or special-teams results; official SP+ coefficients are unavailable. | AY5: -6.287499 | AZ5: 93.712501 | BA5: 83 | BB5: B | BE5: INITIALIZATION ONLY | BF5: 0.0082813064 | BG5: 73 | BH5: 12 | BI5: 12 | BJ5: 0 | BL5: PARTIAL — TOPOLOGY ONLY | BM5: =(F5-'Ensemble Parameters'!$B$20)/'Ensemble Parameters'!$C$20 -> -0.95117975 | BN5: =(L5-'Ensemble Parameters'!$B$21)/'Ensemble Parameters'!$C$21 -> -0.44118647 | BO5: =(S5-'Ensemble Parameters'!$B$22)/'Ensemble Parameters'!$C$22 -> -0.41853606 | BP5: =(W5-'Ensemble Parameters'!$B$23)/'Ensemble Parameters'!$C$23 -> -0.35277458 | BQ5: =AVERAGE(BO5:BP5) -> -0.38565532 | BR5: =(AQ5-'Ensemble Parameters'!$B$24)/'Ensemble Parameters'!$C$24 -> -0.49737778 | BS5: =BM5*'Ensemble Parameters'!$B$5+BN5*'Ensemble Parameters'!$B$6+BQ5*'Ensemble Parameters'!$B$8+BR5*'Ensemble Parameters'!$B$7 -> -0.56884983 | BT5: ='Ensemble Parameters'!$B$11+'Ensemble Parameters'!$B$12*BS5 -> 94.311502 | BU5: ='Ensemble Parameters'!$B$13*BS5 -> -7.9638976 | BV5: =RANK(BT5,$BT$5:$BT$125,0) -> 79 | BW5: =STDEV(BM5,BN5,BQ5,BR5) -> 0.25893537 | BX5: =IF(BW5<'Ensemble Parameters'!$B$14,"High",IF(BW5<'Ensemble Parameters'!$B$15,"Moderate","Low")) -> High | BY5: =IF(BX5="Low","REVIEW — MODEL DISAGREEMENT","") | BZ5: 4
A6: ACC | B6: California | C6: CAL | D6: 52 | E6: CAL | F6: 23.196593 | G6: 69 | H6: 4.1296154 | I6: 10.807747 | J6: 2025_POSTERIOR_CARRYOVER | K6: P0_REGRESSED_2025_POSTERIOR | L6: -2.2499853 | M6: 97.750015 | N6: 54 | O6: 0.585 | P6: 1.36 | Q6: Complete | R6: PASS | S6: 0.470444 | T6: 49 | U6: 0.474849 | V6: 45 | W6: 0.484065 | X6: 49 | Y6: 0.48725923 | Z6: 45 | AA6: 0.3201 | AB6: 0.6464 | AC6: 0.5678 | AD6: 0.683 | AE6: 0.325 | AF6: 0.52 | AG6: 43.04 | AH6: -4 | AI6: AVAILABLE — exact from 2026_Board_J-B_Run2.xlsx | AJ6: 5.88 | AK6: 5.91 | AL6: 5.01 | AM6: -8.9172489 | AN6: 63 | AO6: 12 | AP6: 2025 Baxter fitted rating | AQ6: -6.2420742 | AR6: 65 | AS6: 0.62865996 | AT6: -5.6134143 | AU6: 61 | AW6: BLOCKED | AX6: No play-by-play/drive efficiency, scoring-opportunity, explosiveness, field-position, havoc, or special-teams results; official SP+ coefficients are unavailable. | AY6: -2.1477308 | AZ6: 97.852269 | BA6: 55 | BB6: B | BE6: INITIALIZATION ONLY | BF6: 0.0082851503 | BG6: 66 | BH6: 12 | BI6: 12 | BJ6: 0 | BL6: PARTIAL — TOPOLOGY ONLY | BM6: =(F6-'Ensemble Parameters'!$B$20)/'Ensemble Parameters'!$C$20 -> -0.44796989 | BN6: =(L6-'Ensemble Parameters'!$B$21)/'Ensemble Parameters'!$C$21 -> -0.23584557 | BO6: =(S6-'Ensemble Parameters'!$B$22)/'Ensemble Parameters'!$C$22 -> -0.052176007 | BP6: =(W6-'Ensemble Parameters'!$B$23)/'Ensemble Parameters'!$C$23 -> -0.035320035 | BQ6: =AVERAGE(BO6:BP6) -> -0.043748021 | BR6: =(AQ6-'Ensemble Parameters'!$B$24)/'Ensemble Parameters'!$C$24 -> -0.4085044 | BS6: =BM6*'Ensemble Parameters'!$B$5+BN6*'Ensemble Parameters'!$B$6+BQ6*'Ensemble Parameters'!$B$8+BR6*'Ensemble Parameters'!$B$7 -> -0.28401697 | BT6: ='Ensemble Parameters'!$B$11+'Ensemble Parameters'!$B$12*BS6 -> 97.15983 | BU6: ='Ensemble Parameters'!$B$13*BS6 -> -3.9762376 | BV6: =RANK(BT6,$BT$5:$BT$125,0) -> 57 | BW6: =STDEV(BM6,BN6,BQ6,BR6) -> 0.18477674 | BX6: =IF(BW6<'Ensemble Parameters'!$B$14,"High",IF(BW6<'Ensemble Parameters'!$B$15,"Moderate","Low")) -> High | BY6: =IF(BX6="Low","REVIEW — MODEL DISAGREEMENT","") | BZ6: 4
A7: ACC | B7: Clemson | C7: CLEM | D7: 53 | E7: CLEM | F7: 22.980487 | G7: 71 | H7: 4.1745285 | I7: 10.456901 | J7: 2025_POSTERIOR_CARRYOVER | K7: P0_REGRESSED_2025_POSTERIOR | L7: -2.8045998 | M7: 97.1954 | N7: 60 | O7: 0.60282857 | P7: 1.6452571 | Q7: Complete | R7: PASS | S7: 0.455349 | T7: 51 | U7: 0.466358 | V7: 56 | W7: 0.476615 | X7: 50 | Y7: 0.48573368 | Z7: 56 | AA7: 0.2618 | AB7: 0.4673 | AC7: 0.4725 | AD7: 0.884 | AE7: 0.85 | AF7: 0.5792 | AG7: 16.51 | AH7: 5 | AI7: AVAILABLE — exact from 2026_Board_J-B_Run2.xlsx | AJ7: 5.25 | AK7: 5.33 | AL7: 5.67 | AM7: -10.779765 | AN7: 75 | AO7: 12 | AP7: 2025 Baxter fitted rating | AQ7: -7.5458358 | AR7: 77 | AS7: 1.1476894 | AT7: -6.3981464 | AU7: 69 | AW7: BLOCKED | AX7: No play-by-play/drive efficiency, scoring-opportunity, explosiveness, field-position, havoc, or special-teams results; official SP+ coefficients are unavailable. | AY7: -2.2287453 | AZ7: 97.771255 | BA7: 56 | BB7: B | BE7: INITIALIZATION ONLY | BF7: 0.0082738497 | BG7: 86 | BH7: 12 | BI7: 12 | BJ7: 0 | BL7: PARTIAL — TOPOLOGY ONLY | BM7: =(F7-'Ensemble Parameters'!$B$20)/'Ensemble Parameters'!$C$20 -> -0.49754362 | BN7: =(L7-'Ensemble Parameters'!$B$21)/'Ensemble Parameters'!$C$21 -> -0.29398079 | BO7: =(S7-'Ensemble Parameters'!$B$22)/'Ensemble Parameters'!$C$22 -> -0.15744307 | BP7: =(W7-'Ensemble Parameters'!$B$23)/'Ensemble Parameters'!$C$23 -> -0.093694375 | BQ7: =AVERAGE(BO7:BP7) -> -0.12556872 | BR7: =(AQ7-'Ensemble Parameters'!$B$24)/'Ensemble Parameters'!$C$24 -> -0.49501357 | BS7: =BM7*'Ensemble Parameters'!$B$5+BN7*'Ensemble Parameters'!$B$6+BQ7*'Ensemble Parameters'!$B$8+BR7*'Ensemble Parameters'!$B$7 -> -0.35302668 | BT7: ='Ensemble Parameters'!$B$11+'Ensemble Parameters'!$B$12*BS7 -> 96.469733 | BU7: ='Ensemble Parameters'!$B$13*BS7 -> -4.9423735 | BV7: =RANK(BT7,$BT$5:$BT$125,0) -> 65 | BW7: =STDEV(BM7,BN7,BQ7,BR7) -> 0.17913586 | BX7: =IF(BW7<'Ensemble Parameters'!$B$14,"High",IF(BW7<'Ensemble Parameters'!$B$15,"Moderate","Low")) -> High | BY7: =IF(BX7="Low","REVIEW — MODEL DISAGREEMENT","") | BZ7: 4
A8: ACC | B8: Duke | C8: DUKE | D8: 54 | E8: DUKE | F8: 26.563778 | G8: 38 | H8: 3.9405825 | I8: 14.74203 | J8: 2025_POSTERIOR_CARRYOVER | K8: P0_REGRESSED_2025_POSTERIOR | L8: 0.079385523 | M8: 100.07939 | N8: 43 | O8: 0.55368571 | P8: 0.85897143 | Q8: Complete | R8: PASS | S8: 0.516025 | T8: 40 | U8: 0.510583 | V8: 41 | W8: 0.525065 | X8: 41 | Y8: 0.51881921 | Z8: 41 | AA8: 0.4666 | AB8: 0.4429 | AC8: 0.4607 | AD8: 0.58 | AE8: 1 | AF8: 0.4548 | AG8: 14.1 | AH8: 1 | AI8: AVAILABLE — exact from 2026_Board_J-B_Run2.xlsx | AJ8: 5.72 | AK8: 5.82 | AL8: 6.32 | AM8: -3.164755 | AN8: 45 | AO8: 13 | AP8: 2025 Baxter fitted rating | AQ8: -2.2153285 | AR8: 45 | AS8: -0.14970932 | AT8: -2.3650378 | AU8: 46 | AW8: BLOCKED | AX8: No play-by-play/drive efficiency, scoring-opportunity, explosiveness, field-position, havoc, or special-teams results; official SP+ coefficients are unavailable. | AY8: -0.33995993 | AZ8: 99.66004 | BA8: 42 | BB8: B | BE8: INITIALIZATION ONLY | BF8: 0.0082803034 | BG8: 76 | BH8: 12 | BI8: 12 | BJ8: 0 | BL8: PARTIAL — TOPOLOGY ONLY | BM8: =(F8-'Ensemble Parameters'!$B$20)/'Ensemble Parameters'!$C$20 -> 0.32444636 | BN8: =(L8-'Ensemble Parameters'!$B$21)/'Ensemble Parameters'!$C$21 -> 0.0083212651 | BO8: =(S8-'Ensemble Parameters'!$B$22)/'Ensemble Parameters'!$C$22 -> 0.26568937 | BP8: =(W8-'Ensemble Parameters'!$B$23)/'Ensemble Parameters'!$C$23 -> 0.28593472 | BQ8: =AVERAGE(BO8:BP8) -> 0.27581204 | BR8: =(AQ8-'Ensemble Parameters'!$B$24)/'Ensemble Parameters'!$C$24 -> -0.14131564 | BS8: =BM8*'Ensemble Parameters'!$B$5+BN8*'Ensemble Parameters'!$B$6+BQ8*'Ensemble Parameters'!$B$8+BR8*'Ensemble Parameters'!$B$7 -> 0.11681601 | BT8: ='Ensemble Parameters'!$B$11+'Ensemble Parameters'!$B$12*BS8 -> 101.16816 | BU8: ='Ensemble Parameters'!$B$13*BS8 -> 1.6354241 | BV8: =RANK(BT8,$BT$5:$BT$125,0) -> 39 | BW8: =STDEV(BM8,BN8,BQ8,BR8) -> 0.22120365 | BX8: =IF(BW8<'Ensemble Parameters'!$B$14,"High",IF(BW8<'Ensemble Parameters'!$B$15,"Moderate","Low")) -> High | BY8: =IF(BX8="Low","REVIEW — MODEL DISAGREEMENT","") | BZ8: 4
A9: ACC | B9: Florida State | C9: FSU | D9: 55 | E9: FSU | F9: 24.009661 | G9: 57 | H9: 4.2561821 | I9: 11.241115 | J9: 2025_POSTERIOR_CARRYOVER | K9: P0_REGRESSED_2025_POSTERIOR | L9: -4.1181264 | M9: 95.881874 | N9: 76 | O9: 0.61754286 | P9: 1.8806857 | Q9: Complete | R9: PASS | S9: 0.476502 | T9: 48 | U9: 0.478297 | V9: 47 | W9: 0.50097 | X9: 45 | Y9: 0.50059044 | Z9: 47 | AA9: 0.2914 | AB9: 0.5054 | AC9: 0.5352 | AD9: 0.791 | AE9: 0.85 | AF9: 0.4967 | AG9: 32.56 | AH9: -1 | AI9: AVAILABLE — exact from 2026_Board_J-B_Run2.xlsx | AJ9: 4.67 | AK9: 4.99 | AL9: 5.41 | AM9: -15.09152 | AN9: 88 | AO9: 12 | AP9: 2025 Baxter fitted rating | AQ9: -10.564064 | AR9: 90 | AS9: 1.3697655 | AT9: -9.1942983 | AU9: 88 | AW9: BLOCKED | AX9: No play-by-play/drive efficiency, scoring-opportunity, explosiveness, field-position, havoc, or special-teams results; official SP+ coefficients are unavailable. | AY9: -4.2022718 | AZ9: 95.797728 | BA9: 72 | BB9: B | BE9: INITIALIZATION ONLY | BF9: 0.0082768246 | BG9: 82 | BH9: 12 | BI9: 12 | BJ9: 0 | BL9: PARTIAL — TOPOLOGY ONLY | BM9: =(F9-'Ensemble Parameters'!$B$20)/'Ensemble Parameters'!$C$20 -> -0.26145588 | BN9: =(L9-'Ensemble Parameters'!$B$21)/'Ensemble Parameters'!$C$21 -> -0.43166588 | BO9: =(S9-'Ensemble Parameters'!$B$22)/'Ensemble Parameters'!$C$22 -> -0.0099297107 | BP9: =(W9-'Ensemble Parameters'!$B$23)/'Ensemble Parameters'!$C$23 -> 0.097138785 | BQ9: =AVERAGE(BO9:BP9) -> 0.043604537 | BR9: =(AQ9-'Ensemble Parameters'!$B$24)/'Ensemble Parameters'!$C$24 -> -0.69528363 | BS9: =BM9*'Ensemble Parameters'!$B$5+BN9*'Ensemble Parameters'!$B$6+BQ9*'Ensemble Parameters'!$B$8+BR9*'Ensemble Parameters'!$B$7 -> -0.33620021 | BT9: ='Ensemble Parameters'!$B$11+'Ensemble Parameters'!$B$12*BS9 -> 96.637998 | BU9: ='Ensemble Parameters'!$B$13*BS9 -> -4.706803 | BV9: =RANK(BT9,$BT$5:$BT$125,0) -> 61 | BW9: =STDEV(BM9,BN9,BQ9,BR9) -> 0.30978108 | BX9: =IF(BW9<'Ensemble Parameters'!$B$14,"High",IF(BW9<'Ensemble Parameters'!$B$15,"Moderate","Low")) -> Moderate | BY9: =IF(BX9="Low","REVIEW — MODEL DISAGREEMENT","") | BZ9: 4
A10: ACC | B10: Georgia Tech | C10: GT | D10: 56 | E10: GT | F10: 29.586502 | G10: 24 | H10: 4.3246956 | I10: 16.612415 | J10: 2025_POSTERIOR_CARRYOVER | K10: P0_REGRESSED_2025_POSTERIOR | L10: 7.4447751 | M10: 107.44478 | N10: 27 | O10: 0.56855238 | P10: 1.0968381 | Q10: Complete | R10: PASS | S10: 0.605378 | T10: 26 | U10: 0.599353 | V10: 26 | W10: 0.600255 | X10: 26 | Y10: 0.59468566 | Z10: 26 | AA10: 0.6537 | AB10: 0.4513 | AC10: 0.5172 | AD10: 0.669 | AE10: 0.85 | AF10: 0.5376 | AG10: 27.42 | AH10: 0 | AI10: AVAILABLE — exact from 2026_Board_J-B_Run2.xlsx | AJ10: 7.72 | AK10: 7.5 | AL10: 6.89 | AM10: 14.548386 | AN10: 27 | AO10: 13 | AP10: 2025 Baxter fitted rating | AQ10: 10.18387 | AR10: 27 | AS10: -0.60496493 | AT10: 9.5789054 | AU10: 27 | AW10: BLOCKED | AX10: No play-by-play/drive efficiency, scoring-opportunity, explosiveness, field-position, havoc, or special-teams results; official SP+ coefficients are unavailable. | AY10: 7.6878297 | AZ10: 107.68783 | BA10: 27 | BB10: B | BE10: INITIALIZATION ONLY | BF10: 0.0082783085 | BG10: 78 | BH10: 12 | BI10: 12 | BJ10: 0 | BL10: PARTIAL — TOPOLOGY ONLY | BM10: =(F10-'Ensemble Parameters'!$B$20)/'Ensemble Parameters'!$C$20 -> 1.0178449 | BN10: =(L10-'Ensemble Parameters'!$B$21)/'Ensemble Parameters'!$C$21 -> 0.78036832 | BO10: =(S10-'Ensemble Parameters'!$B$22)/'Ensemble Parameters'!$C$22 -> 0.8888048 | BP10: =(W10-'Ensemble Parameters'!$B$23)/'Ensemble Parameters'!$C$23 -> 0.8750846 | BQ10: =AVERAGE(BO10:BP10) -> 0.8819447 | BR10: =(AQ10-'Ensemble Parameters'!$B$24)/'Ensemble Parameters'!$C$24 -> 0.68141486 | BS10: =BM10*'Ensemble Parameters'!$B$5+BN10*'Ensemble Parameters'!$B$6+BQ10*'Ensemble Parameters'!$B$8+BR10*'Ensemble Parameters'!$B$7 -> 0.84039319 | BT10: ='Ensemble Parameters'!$B$11+'Ensemble Parameters'!$B$12*BS10 -> 108.40393 | BU10: ='Ensemble Parameters'!$B$13*BS10 -> 11.765505 | BV10: =RANK(BT10,$BT$5:$BT$125,0) -> 25 | BW10: =STDEV(BM10,BN10,BQ10,BR10) -> 0.14386652 | BX10: =IF(BW10<'Ensemble Parameters'!$B$14,"High",IF(BW10<'Ensemble Parameters'!$B$15,"Moderate","Low")) -> High | BY10: =IF(BX10="Low","REVIEW — MODEL DISAGREEMENT","") | BZ10: 4
A11: ACC | B11: Louisville | C11: LOU | D11: 57 | E11: LOU | F11: 25.778788 | G11: 40 | H11: 4.0389825 | I11: 13.661841 | J11: 2025_POSTERIOR_CARRYOVER | K11: P0_REGRESSED_2025_POSTERIOR | L11: 2.9352047 | M11: 102.9352 | N11: 33 | O11: 0.5883619 | P11: 1.4137905 | Q11: Complete | R11: PASS | S11: 0.536788 | T11: 37 | U11: 0.543038 | V11: 33 | W11: 0.551205 | X11: 34 | Y11: 0.55617345 | Z11: 33 | AA11: 0.4691 | AB11: 0.4891 | AC11: 0.5688 | AD11: 0.62 | AE11: 0.85 | AF11: 0.6071 | AG11: 43.39 | AH11: -4 | AI11: AVAILABLE — exact from 2026_Board_J-B_Run2.xlsx | AJ11: 6.32 | AK11: 6.44 | AL11: 6.43 | AM11: 4.0087328 | AN11: 31 | AO11: 13 | AP11: 2025 Baxter fitted rating | AQ11: 2.8061129 | AR11: 31 | AS11: 0.43750648 | AT11: 3.2436194 | AU11: 31 | AW11: BLOCKED | AX11: No play-by-play/drive efficiency, scoring-opportunity, explosiveness, field-position, havoc, or special-teams results; official SP+ coefficients are unavailable. | AY11: 3.7342593 | AZ11: 103.73426 | BA11: 33 | BB11: B | BE11: INITIALIZATION ONLY | BF11: 0.0082658774 | BG11: 95 | BH11: 12 | BI11: 12 | BJ11: 0 | BL11: PARTIAL — TOPOLOGY ONLY | BM11: =(F11-'Ensemble Parameters'!$B$20)/'Ensemble Parameters'!$C$20 -> 0.14437352 | BN11: =(L11-'Ensemble Parameters'!$B$21)/'Ensemble Parameters'!$C$21 -> 0.30767092 | BO11: =(S11-'Ensemble Parameters'!$B$22)/'Ensemble Parameters'!$C$22 -> 0.410483 | BP11: =(W11-'Ensemble Parameters'!$B$23)/'Ensemble Parameters'!$C$23 -> 0.49075422 | BQ11: =AVERAGE(BO11:BP11) -> 0.45061861 | BR11: =(AQ11-'Ensemble Parameters'!$B$24)/'Ensemble Parameters'!$C$24 -> 0.19187468 | BS11: =BM11*'Ensemble Parameters'!$B$5+BN11*'Ensemble Parameters'!$B$6+BQ11*'Ensemble Parameters'!$B$8+BR11*'Ensemble Parameters'!$B$7 -> 0.27363443 | BT11: ='Ensemble Parameters'!$B$11+'Ensemble Parameters'!$B$12*BS11 -> 102.73634 | BU11: ='Ensemble Parameters'!$B$13*BS11 -> 3.8308821 | BV11: =RANK(BT11,$BT$5:$BT$125,0) -> 34 | BW11: =STDEV(BM11,BN11,BQ11,BR11) -> 0.13647334 | BX11: =IF(BW11<'Ensemble Parameters'!$B$14,"High",IF(BW11<'Ensemble Parameters'!$B$15,"Moderate","Low")) -> High | BY11: =IF(BX11="Low","REVIEW — MODEL DISAGREEMENT","") | BZ11: 4
A12: ACC | B12: Miami | C12: MIA | D12: 58 | E12: MIA | F12: 35.448411 | G12: 2 | H12: 4.1267581 | I12: 23.068137 | J12: 2025_POSTERIOR_CARRYOVER | K12: P0_REGRESSED_2025_POSTERIOR | L12: 21.388067 | M12: 121.38807 | N12: 3 | O12: 0.64770476 | P12: 2.3632762 | Q12: Complete | R12: PASS | S12: 0.796767 | T12: 3 | U12: 0.802912 | V12: 3 | W12: 0.771735 | X12: 3 | Y12: 0.78010523 | Z12: 3 | AA12: 0.9924 | AB12: 0.4701 | AC12: 0.5935 | AD12: 0.82 | AE12: 1 | AF12: 0.8659 | AG12: 52.35 | AH12: 0 | AI12: AVAILABLE — exact from 2026_Board_J-B_Run2.xlsx | AJ12: 10.93 | AK12: 10.58 | AL12: 9.46 | AM12: 51.448378 | AN12: 2 | AO12: 16 | AP12: 2025 Baxter fitted rating | AQ12: 36.013865 | AR12: 2 | AS12: -0.59430153 | AT12: 35.419563 | AU12: 3 | AW12: BLOCKED | AX12: No play-by-play/drive efficiency, scoring-opportunity, explosiveness, field-position, havoc, or special-teams results; official SP+ coefficients are unavailable. | AY12: 24.257522 | AZ12: 124.25752 | BA12: 2 | BB12: B | BE12: INITIALIZATION ONLY | BF12: 0.0082779388 | BG12: 80 | BH12: 12 | BI12: 12 | BJ12: 0 | BL12: PARTIAL — TOPOLOGY ONLY | BM12: =(F12-'Ensemble Parameters'!$B$20)/'Ensemble Parameters'!$C$20 -> 2.362539 | BN12: =(L12-'Ensemble Parameters'!$B$21)/'Ensemble Parameters'!$C$21 -> 2.2419173 | BO12: =(S12-'Ensemble Parameters'!$B$22)/'Ensemble Parameters'!$C$22 -> 2.2234823 | BP12: =(W12-'Ensemble Parameters'!$B$23)/'Ensemble Parameters'!$C$23 -> 2.218713 | BQ12: =AVERAGE(BO12:BP12) -> 2.2210977 | BR12: =(AQ12-'Ensemble Parameters'!$B$24)/'Ensemble Parameters'!$C$24 -> 2.3953259 | BS12: =BM12*'Ensemble Parameters'!$B$5+BN12*'Ensemble Parameters'!$B$6+BQ12*'Ensemble Parameters'!$B$8+BR12*'Ensemble Parameters'!$B$7 -> 2.30522 | BT12: ='Ensemble Parameters'!$B$11+'Ensemble Parameters'!$B$12*BS12 -> 123.0522 | BU12: ='Ensemble Parameters'!$B$13*BS12 -> 32.27308 | BV12: =RANK(BT12,$BT$5:$BT$125,0) -> 2 | BW12: =STDEV(BM12,BN12,BQ12,BR12) -> 0.086580097 | BX12: =IF(BW12<'Ensemble Parameters'!$B$14,"High",IF(BW12<'Ensemble Parameters'!$B$15,"Moderate","Low")) -> High | BY12: =IF(BX12="Low","REVIEW — MODEL DISAGREEMENT","") | BZ12: 4
A13: ACC | B13: NC State | C13: NCSU | D13: 59 | E13: NCSU | F13: 25.395594 | G13: 46 | H13: 3.9659822 | I13: 13.497648 | J13: 2025_POSTERIOR_CARRYOVER | K13: P0_REGRESSED_2025_POSTERIOR | L13: 0.14536912 | M13: 100.14537 | N13: 42 | O13: 0.63529524 | P13: 2.1647238 | Q13: Complete | R13: PASS | S13: 0.552959 | T13: 34 | U13: 0.554127 | V13: 31 | W13: 0.563665 | X13: 30 | Y13: 0.56388144 | Z13: 31 | AA13: 0.4449 | AB13: 0.601 | AC13: 0.4942 | AD13: 0.642 | AE13: 1 | AF13: 0.5661 | AG13: 21.46 | AH13: -3 | AI13: AVAILABLE — exact from 2026_Board_J-B_Run2.xlsx | AJ13: 6.71 | AK13: 6.73 | AL13: 7.43 | AM13: -6.9128144 | AN13: 57 | AO13: 13 | AP13: 2025 Baxter fitted rating | AQ13: -4.8389701 | AR13: 57 | AS13: 1.0200557 | AT13: -3.8189145 | AU13: 52 | AW13: BLOCKED | AX13: No play-by-play/drive efficiency, scoring-opportunity, explosiveness, field-position, havoc, or special-teams results; official SP+ coefficients are unavailable. | AY13: 0.61642367 | AZ13: 100.61642 | BA13: 39 | BB13: B | BE13: INITIALIZATION ONLY | BF13: 0.0082680138 | BG13: 90 | BH13: 12 | BI13: 12 | BJ13: 0 | BL13: PARTIAL — TOPOLOGY ONLY | BM13: =(F13-'Ensemble Parameters'!$B$20)/'Ensemble Parameters'!$C$20 -> 0.056470635 | BN13: =(L13-'Ensemble Parameters'!$B$21)/'Ensemble Parameters'!$C$21 -> 0.015237728 | BO13: =(S13-'Ensemble Parameters'!$B$22)/'Ensemble Parameters'!$C$22 -> 0.5232537 | BP13: =(W13-'Ensemble Parameters'!$B$23)/'Ensemble Parameters'!$C$23 -> 0.58838432 | BQ13: =AVERAGE(BO13:BP13) -> 0.55581901 | BR13: =(AQ13-'Ensemble Parameters'!$B$24)/'Ensemble Parameters'!$C$24 -> -0.3154035 | BS13: =BM13*'Ensemble Parameters'!$B$5+BN13*'Ensemble Parameters'!$B$6+BQ13*'Ensemble Parameters'!$B$8+BR13*'Ensemble Parameters'!$B$7 -> 0.078030968 | BT13: ='Ensemble Parameters'!$B$11+'Ensemble Parameters'!$B$12*BS13 -> 100.78031 | BU13: ='Ensemble Parameters'!$B$13*BS13 -> 1.0924335 | BV13: =RANK(BT13,$BT$5:$BT$125,0) -> 41 | BW13: =STDEV(BM13,BN13,BQ13,BR13) -> 0.35938834 | BX13: =IF(BW13<'Ensemble Parameters'!$B$14,"High",IF(BW13<'Ensemble Parameters'!$B$15,"Moderate","Low")) -> Moderate | BY13: =IF(BX13="Low","REVIEW — MODEL DISAGREEMENT","") | BZ13: 4
A14: ACC | B14: North Carolina | C14: UNC | D14: 60 | E14: UNC | F14: 25.68621 | G14: 42 | H14: 4.0284069 | I14: 13.600989 | J14: 2025_POSTERIOR_CARRYOVER | K14: P0_REGRESSED_2025_POSTERIOR | L14: -2.9939108 | M14: 97.006089 | N14: 64 | O14: 0.54992381 | P14: 0.79878095 | Q14: Complete | R14: PASS | S14: 0.471257 | T14: 54 | U14: 0.457368 | V14: 63 | W14: 0.48696 | X14: 59 | Y14: 0.47167465 | Z14: 63 | AA14: 0.368 | AB14: 0.4103 | AC14: 0.482 | AD14: 0.706 | AE14: 0.85 | AF14: 0.315 | AG14: 18.61 | AH14: 9 | AI14: AVAILABLE — exact from 2026_Board_J-B_Run2.xlsx | AJ14: 4.38 | AK14: 4.51 | AL14: 4.54 | AM14: -9.4910145 | AN14: 66 | AO14: 13 | AP14: 2025 Baxter fitted rating | AQ14: -6.6437102 | AR14: 68 | AS14: 0.12607156 | AT14: -6.5176386 | AU14: 70 | AW14: BLOCKED | AX14: No play-by-play/drive efficiency, scoring-opportunity, explosiveness, field-position, havoc, or special-teams results; official SP+ coefficients are unavailable. | AY14: -4.5316562 | AZ14: 95.468344 | BA14: 76 | BB14: B | BE14: INITIALIZATION ONLY | BF14: 0.0082747777 | BG14: 84 | BH14: 12 | BI14: 12 | BJ14: 0 | BL14: PARTIAL — TOPOLOGY ONLY | BM14: =(F14-'Ensemble Parameters'!$B$20)/'Ensemble Parameters'!$C$20 -> 0.12313649 | BN14: =(L14-'Ensemble Parameters'!$B$21)/'Ensemble Parameters'!$C$21 -> -0.31382454 | BO14: =(S14-'Ensemble Parameters'!$B$22)/'Ensemble Parameters'!$C$22 -> -0.04650644 | BP14: =(W14-'Ensemble Parameters'!$B$23)/'Ensemble Parameters'!$C$23 -> -0.012636315 | BQ14: =AVERAGE(BO14:BP14) -> -0.029571378 | BR14: =(AQ14-'Ensemble Parameters'!$B$24)/'Ensemble Parameters'!$C$24 -> -0.43515436 | BS14: =BM14*'Ensemble Parameters'!$B$5+BN14*'Ensemble Parameters'!$B$6+BQ14*'Ensemble Parameters'!$B$8+BR14*'Ensemble Parameters'!$B$7 -> -0.16385345 | BT14: ='Ensemble Parameters'!$B$11+'Ensemble Parameters'!$B$12*BS14 -> 98.361466 | BU14: ='Ensemble Parameters'!$B$13*BS14 -> -2.2939482 | BV14: =RANK(BT14,$BT$5:$BT$125,0) -> 50 | BW14: =STDEV(BM14,BN14,BQ14,BR14) -> 0.25592343 | BX14: =IF(BW14<'Ensemble Parameters'!$B$14,"High",IF(BW14<'Ensemble Parameters'!$B$15,"Moderate","Low")) -> High | BY14: =IF(BX14="Low","REVIEW — MODEL DISAGREEMENT","") | BZ14: 4
A15: ACC | B15: Pittsburgh | C15: PITT | D15: 61 | E15: PITT | F15: 26.988322 | G15: 36 | H15: 4.0282769 | I15: 14.903492 | J15: 2025_POSTERIOR_CARRYOVER | K15: P0_REGRESSED_2025_POSTERIOR | L15: 3.3608622 | M15: 103.36086 | N15: 31 | O15: 0.60902857 | P15: 1.7444571 | Q15: Complete | R15: PASS | S15: 0.564913 | T15: 29 | U15: 0.563658 | V15: 29 | W15: 0.56274 | X15: 33 | Y15: 0.56167867 | Z15: 29 | AA15: 0.507 | AB15: 0.6527 | AC15: 0.443 | AD15: 0.59 | AE15: 0.85 | AF15: 0.5508 | AG15: 10.84 | AH15: 0 | AI15: AVAILABLE — exact from 2026_Board_J-B_Run2.xlsx | AJ15: 6.76 | AK15: 6.55 | AL15: 6.88 | AM15: 3.2965067 | AN15: 34 | AO15: 13 | AP15: 2025 Baxter fitted rating | AQ15: 2.3075547 | AR15: 34 | AS15: 0.25804875 | AT15: 2.5656035 | AU15: 34 | AW15: BLOCKED | AX15: No play-by-play/drive efficiency, scoring-opportunity, explosiveness, field-position, havoc, or special-teams results; official SP+ coefficients are unavailable. | AY15: 3.7095168 | AZ15: 103.70952 | BA15: 34 | BB15: B | BE15: INITIALIZATION ONLY | BF15: 0.0082824315 | BG15: 68 | BH15: 12 | BI15: 12 | BJ15: 0 | BL15: PARTIAL — TOPOLOGY ONLY | BM15: =(F15-'Ensemble Parameters'!$B$20)/'Ensemble Parameters'!$C$20 -> 0.42183482 | BN15: =(L15-'Ensemble Parameters'!$B$21)/'Ensemble Parameters'!$C$21 -> 0.35228873 | BO15: =(S15-'Ensemble Parameters'!$B$22)/'Ensemble Parameters'!$C$22 -> 0.60661656 | BP15: =(W15-'Ensemble Parameters'!$B$23)/'Ensemble Parameters'!$C$23 -> 0.5811365 | BQ15: =AVERAGE(BO15:BP15) -> 0.59387653 | BR15: =(AQ15-'Ensemble Parameters'!$B$24)/'Ensemble Parameters'!$C$24 -> 0.15879359 | BS15: =BM15*'Ensemble Parameters'!$B$5+BN15*'Ensemble Parameters'!$B$6+BQ15*'Ensemble Parameters'!$B$8+BR15*'Ensemble Parameters'!$B$7 -> 0.38169842 | BT15: ='Ensemble Parameters'!$B$11+'Ensemble Parameters'!$B$12*BS15 -> 103.81698 | BU15: ='Ensemble Parameters'!$B$13*BS15 -> 5.3437778 | BV15: =RANK(BT15,$BT$5:$BT$125,0) -> 32 | BW15: =STDEV(BM15,BN15,BQ15,BR15) -> 0.17998331 | BX15: =IF(BW15<'Ensemble Parameters'!$B$14,"High",IF(BW15<'Ensemble Parameters'!$B$15,"Moderate","Low")) -> High | BY15: =IF(BX15="Low","REVIEW — MODEL DISAGREEMENT","") | BZ15: 4
A16: ACC | B16: SMU | C16: SMU | D16: 62 | E16: SMU | F16: 28.816608 | G16: 25 | H16: 4.174492 | I16: 16.293132 | J16: 2025_POSTERIOR_CARRYOVER | K16: P0_REGRESSED_2025_POSTERIOR | L16: 4.7899904 | M16: 104.78999 | N16: 30 | O16: 0.69050476 | P16: 3.0480762 | Q16: Complete | R16: PASS | S16: 0.622525 | T16: 23 | U16: 0.626309 | V16: 23 | W16: 0.62634 | X16: 21 | Y16: 0.62978534 | Z16: 23 | AA16: 0.5333 | AB16: 0.6728 | AC16: 0.5217 | AD16: 0.747 | AE16: 1 | AF16: 0.6651 | AG16: 28.66 | AH16: 0 | AI16: AVAILABLE — exact from 2026_Board_J-B_Run2.xlsx | AJ16: 8.16 | AK16: 8.06 | AL16: 8.38 | AM16: 3.7496202 | AN16: 33 | AO16: 13 | AP16: 2025 Baxter fitted rating | AQ16: 2.6247341 | AR16: 33 | AS16: 1.4458039 | AT16: 4.0705381 | AU16: 30 | AW16: BLOCKED | AX16: No play-by-play/drive efficiency, scoring-opportunity, explosiveness, field-position, havoc, or special-teams results; official SP+ coefficients are unavailable. | AY16: 6.0530449 | AZ16: 106.05304 | BA16: 29 | BB16: B | BE16: INITIALIZATION ONLY | BF16: 0.0082800712 | BG16: 77 | BH16: 12 | BI16: 12 | BJ16: 0 | BL16: PARTIAL — TOPOLOGY ONLY | BM16: =(F16-'Ensemble Parameters'!$B$20)/'Ensemble Parameters'!$C$20 -> 0.84123493 | BN16: =(L16-'Ensemble Parameters'!$B$21)/'Ensemble Parameters'!$C$21 -> 0.50209129 | BO16: =(S16-'Ensemble Parameters'!$B$22)/'Ensemble Parameters'!$C$22 -> 1.0083818 | BP16: =(W16-'Ensemble Parameters'!$B$23)/'Ensemble Parameters'!$C$23 -> 1.0794731 | BQ16: =AVERAGE(BO16:BP16) -> 1.0439275 | BR16: =(AQ16-'Ensemble Parameters'!$B$24)/'Ensemble Parameters'!$C$24 -> 0.17983956 | BS16: =BM16*'Ensemble Parameters'!$B$5+BN16*'Ensemble Parameters'!$B$6+BQ16*'Ensemble Parameters'!$B$8+BR16*'Ensemble Parameters'!$B$7 -> 0.64177331 | BT16: ='Ensemble Parameters'!$B$11+'Ensemble Parameters'!$B$12*BS16 -> 106.41773 | BU16: ='Ensemble Parameters'!$B$13*BS16 -> 8.9848263 | BV16: =RANK(BT16,$BT$5:$BT$125,0) -> 30 | BW16: =STDEV(BM16,BN16,BQ16,BR16) -> 0.38052891 | BX16: =IF(BW16<'Ensemble Parameters'!$B$14,"High",IF(BW16<'Ensemble Parameters'!$B$15,"Moderate","Low")) -> Moderate | BY16: =IF(BX16="Low","REVIEW — MODEL DISAGREEMENT","") | BZ16: 4
... A21: ACC | B21: Wake Forest | C21: WAKE | D21: 67 | E21: WAKE | F21: 25.699938 | G21: 41 | H21: 4.068908 | I21: 13.493214 | J21: 2025_POSTERIOR_CARRYOVER | K21: P0_REGRESSED_2025_POSTERIOR | L21: 2.2640295 | M21: 102.26403 | N21: 36 | O21: 0.56280952 | P21: 1.0049524 | Q21: Complete | R21: PASS | S21: 0.532707 | T21: 38 | U21: 0.521408 | V21: 39 | W21: 0.538825 | X21: 38 | Y21: 0.52698276 | Z21: 39 | AA21: 0.4932 | AB21: 0.5089 | AC21: 0.4573 | AD21: 0.501 | AE21: 1 | AF21: 0.4056 | AG21: 13.44 | AH21: 1 | AI21: AVAILABLE — exact from 2026_Board_J-B_Run2.xlsx | AJ21: 5.44 | AK21: 5.5 | AL21: 6.06 | AM21: 1.7358697 | AN21: 36 | AO21: 13 | AP21: 2025 Baxter fitted rating | AQ21: 1.2151088 | AR21: 36 | AS21: -0.14196246 | AT21: 1.0731463 | AU21: 37 | AW21: BLOCKED | AX21: No play-by-play/drive efficiency, scoring-opportunity, explosiveness, field-position, havoc, or special-teams results; official SP+ coefficients are unavailable. | AY21: 1.451084 | AZ21: 101.45108 | BA21: 37 | BB21: B | BE21: INITIALIZATION ONLY | BF21: 0.0082777281 | BG21: 81 | BH21: 12 | BI21: 12 | BJ21: 0 | BL21: PARTIAL — TOPOLOGY ONLY | BM21: =(F21-'Ensemble Parameters'!$B$20)/'Ensemble Parameters'!$C$20 -> 0.12628557 | BN21: =(L21-'Ensemble Parameters'!$B$21)/'Ensemble Parameters'!$C$21 -> 0.23731769 | BO21: =(S21-'Ensemble Parameters'!$B$22)/'Ensemble Parameters'!$C$22 -> 0.38202359 | BP21: =(W21-'Ensemble Parameters'!$B$23)/'Ensemble Parameters'!$C$23 -> 0.39375095 | BQ21: =AVERAGE(BO21:BP21) -> 0.38788727 | BR21: =(AQ21-'Ensemble Parameters'!$B$24)/'Ensemble Parameters'!$C$24 -> 0.086305953 | BS21: =BM21*'Ensemble Parameters'!$B$5+BN21*'Ensemble Parameters'!$B$6+BQ21*'Ensemble Parameters'!$B$8+BR21*'Ensemble Parameters'!$B$7 -> 0.20944912 | BT21: ='Ensemble Parameters'!$B$11+'Ensemble Parameters'!$B$12*BS21 -> 102.09449 | BU21: ='Ensemble Parameters'!$B$13*BS21 -> 2.9322877 | BV21: =RANK(BT21,$BT$5:$BT$125,0) -> 36 | BW21: =STDEV(BM21,BN21,BQ21,BR21) -> 0.13502746 | BX21: =IF(BW21<'Ensemble Parameters'!$B$14,"High",IF(BW21<'Ensemble Parameters'!$B$15,"Moderate","Low")) -> High | BY21: =IF(BX21="Low","REVIEW — MODEL DISAGREEMENT","") | BZ21: 4
A22: American | B22: Army | C22: ARMY | D22: 86 | E22: ARMY | F22: 27.909466 | G22: 32 | H22: 4.1065612 | I22: 15.589783 | J22: 2025_POSTERIOR_CARRYOVER | K22: P0_REGRESSED_2025_POSTERIOR | L22: 1.8856321 | M22: 101.88563 | N22: 37 | O22: 0.52084706 | P22: 0.33355294 | Q22: Complete | R22: PASS | S22: 0.533713 | T22: 36 | U22: 0.543694 | V22: 36 | W22: 0.51493333 | X22: 39 | Y22: 0.52658372 | Z22: 36 | AA22: 0.5474 | AB22: 0.5875 | AC22: 0.3174 | AE22: 0.75 | AF22: 0.646 | AG22: 0 | AH22: 0 | AI22: AVAILABLE — exact from 2026_Board_J-B_Run2.xlsx | AJ22: 8.45 | AK22: 7.96 | AL22: 7.88 | AM22: 3.9319077 | AN22: 32 | AO22: 13 | AP22: 2025 Baxter fitted rating | AQ22: 2.7523354 | AR22: 32 | AS22: -1.3519183 | AT22: 1.400417 | AU22: 35 | AW22: BLOCKED | AX22: No play-by-play/drive efficiency, scoring-opportunity, explosiveness, field-position, havoc, or special-teams results; official SP+ coefficients are unavailable. | AY22: 2.9958866 | AZ22: 102.99589 | BA22: 35 | BB22: B | BE22: INITIALIZATION ONLY | BF22: 0.0082923151 | BG22: 58 | BH22: 12 | BI22: 12 | BJ22: 0 | BL22: PARTIAL — TOPOLOGY ONLY | BM22: =(F22-'Ensemble Parameters'!$B$20)/'Ensemble Parameters'!$C$20 -> 0.63314089 | BN22: =(L22-'Ensemble Parameters'!$B$21)/'Ensemble Parameters'!$C$21 -> 0.19765372 | BO22: =(S22-'Ensemble Parameters'!$B$22)/'Ensemble Parameters'!$C$22 -> 0.38903907 | BP22: =(W22-'Ensemble Parameters'!$B$23)/'Ensemble Parameters'!$C$23 -> 0.20654823 | BQ22: =AVERAGE(BO22:BP22) -> 0.29779365 | BR22: =(AQ22-'Ensemble Parameters'!$B$24)/'Ensemble Parameters'!$C$24 -> 0.18830635 | BS22: =BM22*'Ensemble Parameters'!$B$5+BN22*'Ensemble Parameters'!$B$6+BQ22*'Ensemble Parameters'!$B$8+BR22*'Ensemble Parameters'!$B$7 -> 0.32922365 | BT22: ='Ensemble Parameters'!$B$11+'Ensemble Parameters'!$B$12*BS22 -> 103.29224 | BU22: ='Ensemble Parameters'!$B$13*BS22 -> 4.6091311 | BV22: =RANK(BT22,$BT$5:$BT$125,0) -> 33 | BW22: =STDEV(BM22,BN22,BQ22,BR22) -> 0.20858401 | BX22: =IF(BW22<'Ensemble Parameters'!$B$14,"High",IF(BW22<'Ensemble Parameters'!$B$15,"Moderate","Low")) -> High | BY22: =IF(BX22="Low","REVIEW — MODEL DISAGREEMENT","") | BZ22: 4
A23: American | B23: East Carolina | C23: ECU | D23: 87 | E23: ECU | F23: 27.642791 | G23: 34 | H23: 4.1235448 | I23: 15.272156 | J23: 2025_POSTERIOR_CARRYOVER | K23: P0_REGRESSED_2025_POSTERIOR | L23: 0.40465083 | M23: 100.40465 | N23: 40 | O23: 0.47072381 | P23: -0.46841905 | Q23: Complete | R23: PASS | S23: 0.482176 | T23: 45 | U23: 0.486142 | V23: 58 | W23: 0.48514 | X23: 47 | Y23: 0.48884312 | Z23: 58 | AA23: 0.4972 | AB23: 0.3736 | AC23: 0.4524 | AD23: 0.483 | AE23: 0.75 | AF23: 0.5268 | AG23: 12.52 | AH23: 13 | AI23: AVAILABLE — exact from 2026_Board_J-B_Run2.xlsx | AJ23: 6.64 | AK23: 6.62 | AL23: 6.58 | AM23: 0.26638485 | AN23: 37 | AO23: 13 | AP23: 2025 Baxter fitted rating | AQ23: 0.1864694 | AR23: 37 | AS23: -1.4568294 | AT23: -1.27036 | AU23: 43 | AW23: BLOCKED | AX23: No play-by-play/drive efficiency, scoring-opportunity, explosiveness, field-position, havoc, or special-teams results; official SP+ coefficients are unavailable. | AY23: 0.56130537 | AZ23: 100.56131 | BA23: 40 | BB23: B | BE23: INITIALIZATION ONLY | BF23: 0.0082917685 | BG23: 59 | BH23: 12 | BI23: 12 | BJ23: 0 | BL23: PARTIAL — TOPOLOGY ONLY | BM23: =(F23-'Ensemble Parameters'!$B$20)/'Ensemble Parameters'!$C$20 -> 0.57196679 | BN23: =(L23-'Ensemble Parameters'!$B$21)/'Ensemble Parameters'!$C$21 -> 0.04241588 | BO23: =(S23-'Ensemble Parameters'!$B$22)/'Ensemble Parameters'!$C$22 -> 0.029638709 | BP23: =(W23-'Ensemble Parameters'!$B$23)/'Ensemble Parameters'!$C$23 -> -0.026896892 | BQ23: =AVERAGE(BO23:BP23) -> 0.0013709082 | BR23: =(AQ23-'Ensemble Parameters'!$B$24)/'Ensemble Parameters'!$C$24 -> 0.018052107 | BS23: =BM23*'Ensemble Parameters'!$B$5+BN23*'Ensemble Parameters'!$B$6+BQ23*'Ensemble Parameters'!$B$8+BR23*'Ensemble Parameters'!$B$7 -> 0.15845142 | BT23: ='Ensemble Parameters'!$B$11+'Ensemble Parameters'!$B$12*BS23 -> 101.58451 | BU23: ='Ensemble Parameters'!$B$13*BS23 -> 2.2183199 | BV23: =RANK(BT23,$BT$5:$BT$125,0) -> 38 | BW23: =STDEV(BM23,BN23,BQ23,BR23) -> 0.27619164 | BX23: =IF(BW23<'Ensemble Parameters'!$B$14,"High",IF(BW23<'Ensemble Parameters'!$B$15,"Moderate","Low")) -> High | BY23: =IF(BX23="Low","REVIEW — MODEL DISAGREEMENT","") | BZ23: 4
A24: American | B24: Florida Atlantic | C24: FAU | D24: 88 | E24: FAU | F24: 21.003332 | G24: 105 | H24: 4.4136237 | I24: 7.7624614 | J24: 2025_POSTERIOR_CARRYOVER | K24: P0_REGRESSED_2025_POSTERIOR | L24: -4.9846135 | M24: 95.015387 | N24: 81 | O24: 0.58818095 | P24: 1.4108952 | Q24: Complete | R24: PASS | S24: 0.422999 | T24: 73 | U24: 0.418777 | V24: 71 | W24: 0.444065 | X24: 70 | Y24: 0.43797033 | Z24: 71 | AA24: 0.2062 | AB24: 0.6981 | AC24: 0.4435 | AD24: 0.464 | AE24: 0.75 | AF24: 0.3755 | AG24: 10.92 | AH24: -2 | AI24: AVAILABLE — exact from 2026_Board_J-B_Run2.xlsx | AJ24: 5.37 | AK24: 5.66 | AL24: 7.17 | AM24: -14.183874 | AN24: 86 | AO24: 12 | AP24: 2025 Baxter fitted rating | AQ24: -9.9287116 | AR24: 88 | AS24: 1.0420724 | AT24: -8.8866392 | AU24: 86 | AW24: BLOCKED | AX24: No play-by-play/drive efficiency, scoring-opportunity, explosiveness, field-position, havoc, or special-teams results; official SP+ coefficients are unavailable. | AY24: -6.0383589 | AZ24: 93.961641 | BA24: 82 | BB24: B | BE24: INITIALIZATION ONLY | BF24: 0.0082821104 | BG24: 70 | BH24: 12 | BI24: 12 | BJ24: 0 | BL24: PARTIAL — TOPOLOGY ONLY | BM24: =(F24-'Ensemble Parameters'!$B$20)/'Ensemble Parameters'!$C$20 -> -0.95109339 | BN24: =(L24-'Ensemble Parameters'!$B$21)/'Ensemble Parameters'!$C$21 -> -0.52249187 | BO24: =(S24-'Ensemble Parameters'!$B$22)/'Ensemble Parameters'!$C$22 -> -0.38304024 | BP24: =(W24-'Ensemble Parameters'!$B$23)/'Ensemble Parameters'!$C$23 -> -0.34873931 | BQ24: =AVERAGE(BO24:BP24) -> -0.36588978 | BR24: =(AQ24-'Ensemble Parameters'!$B$24)/'Ensemble Parameters'!$C$24 -> -0.65312577 | BS24: =BM24*'Ensemble Parameters'!$B$5+BN24*'Ensemble Parameters'!$B$6+BQ24*'Ensemble Parameters'!$B$8+BR24*'Ensemble Parameters'!$B$7 -> -0.6231502 | BT24: ='Ensemble Parameters'!$B$11+'Ensemble Parameters'!$B$12*BS24 -> 93.768498 | BU24: ='Ensemble Parameters'!$B$13*BS24 -> -8.7241028 | BV24: =RANK(BT24,$BT$5:$BT$125,0) -> 82 | BW24: =STDEV(BM24,BN24,BQ24,BR24) -> 0.24816681 | BX24: =IF(BW24<'Ensemble Parameters'!$B$14,"High",IF(BW24<'Ensemble Parameters'!$B$15,"Moderate","Low")) -> High | BY24: =IF(BX24="Low","REVIEW — MODEL DISAGREEMENT","") | BZ24: 4
A25: American | B25: Louisiana Tech | C25: LT | D25: 89 | E25: LT | F25: 20.447448 | G25: 112 | H25: 4.1212429 | I25: 8.0837198 | J25: 2025_POSTERIOR_CARRYOVER | K25: P0_REGRESSED_2025_POSTERIOR | L25: -8.2973205 | M25: 91.702679 | N25: 97 | O25: 0.49294286 | P25: -0.11291429 | Q25: Complete | R25: PASS | S25: 0.342613 | T25: 100 | U25: 0.353697 | V25: 97 | W25: 0.37201 | X25: 97 | Y25: 0.38048023 | Z25: 97 | AA25: 0.1453 | AB25: 0.5032 | AC25: 0.4361 | AD25: 0.3649 | AE25: 0.75 | AF25: 0.4673 | AG25: 9.68 | AH25: -3 | AI25: AVAILABLE — exact from 2026_Board_J-B_Run2.xlsx | AJ25: 5.68 | AK25: 5.94 | AL25: 7.03 | AM25: -17.169535 | AN25: 90 | AO25: 12 | AP25: 2025 Baxter fitted rating | AQ25: -12.018674 | AR25: 92 | AS25: 0.067142934 | AT25: -11.951531 | AU25: 94 | AW25: BLOCKED | AX25: No play-by-play/drive efficiency, scoring-opportunity, explosiveness, field-position, havoc, or special-teams results; official SP+ coefficients are unavailable. | AY25: -8.616666 | AZ25: 91.383334 | BA25: 96 | BB25: B | BE25: INITIALIZATION ONLY | BF25: 0.0071363557 | BG25: 120 | BH25: 12 | BI25: 10 | BJ25: 2 | BL25: PARTIAL — TOPOLOGY ONLY | BM25: =(F25-'Ensemble Parameters'!$B$20)/'Ensemble Parameters'!$C$20 -> -1.0786105 | BN25: =(L25-'Ensemble Parameters'!$B$21)/'Ensemble Parameters'!$C$21 -> -0.86973293 | BO25: =(S25-'Ensemble Parameters'!$B$22)/'Ensemble Parameters'!$C$22 -> -0.94362307 | BP25: =(W25-'Ensemble Parameters'!$B$23)/'Ensemble Parameters'!$C$23 -> -0.91332495 | BQ25: =AVERAGE(BO25:BP25) -> -0.92847401 | BR25: =(AQ25-'Ensemble Parameters'!$B$24)/'Ensemble Parameters'!$C$24 -> -0.79180216 | BS25: =BM25*'Ensemble Parameters'!$B$5+BN25*'Ensemble Parameters'!$B$6+BQ25*'Ensemble Parameters'!$B$8+BR25*'Ensemble Parameters'!$B$7 -> -0.91715491 | BT25: ='Ensemble Parameters'!$B$11+'Ensemble Parameters'!$B$12*BS25 -> 90.828451 | BU25: ='Ensemble Parameters'!$B$13*BS25 -> -12.840169 | BV25: =RANK(BT25,$BT$5:$BT$125,0) -> 107 | BW25: =STDEV(BM25,BN25,BQ25,BR25) -> 0.12132353 | BX25: =IF(BW25<'Ensemble Parameters'!$B$14,"High",IF(BW25<'Ensemble Parameters'!$B$15,"Moderate","Low")) -> High | BY25: =IF(BX25="Low","REVIEW — MODEL DISAGREEMENT","") | BZ25: 4
A26: American | B26: Memphis | C26: MEM | D26: 90 | E26: MEM | F26: 25.333987 | G26: 47 | H26: 4.1484511 | I26: 12.888634 | J26: 2025_POSTERIOR_CARRYOVER | K26: P0_REGRESSED_2025_POSTERIOR | L26: -5.0067626 | M26: 94.993237 | N26: 82 | O26: 0.43202857 | P26: -1.0875429 | Q26: Complete | R26: PASS | S26: 0.404736 | T26: 69 | U26: 0.423791 | V26: 78 | W26: 0.411165 | X26: 75 | Y26: 0.42964813 | Z26: 78 | AA26: 0.3689 | AB26: 0.362 | AC26: 0.4586 | AD26: 0.575 | AE26: 0.375 | AF26: 0.6191 | AG26: 13.7 | AH26: 9 | AI26: AVAILABLE — exact from 2026_Board_J-B_Run2.xlsx | AJ26: 5.83 | AK26: 5.61 | AL26: 4.09 | AM26: -9.15557 | AN26: 64 | AO26: 13 | AP26: 2025 Baxter fitted rating | AQ26: -6.408899 | AR26: 66 | AS26: -1.6737349 | AT26: -8.0826339 | AU26: 81 | AW26: BLOCKED | AX26: No play-by-play/drive efficiency, scoring-opportunity, explosiveness, field-position, havoc, or special-teams results; official SP+ coefficients are unavailable. | AY26: -4.1117081 | AZ26: 95.888292 | BA26: 69 | BB26: B | BE26: INITIALIZATION ONLY | BF26: 0.0083691467 | BG26: 6 | BH26: 12 | BI26: 12 | BJ26: 0 | BL26: PARTIAL — TOPOLOGY ONLY | BM26: =(F26-'Ensemble Parameters'!$B$20)/'Ensemble Parameters'!$C$20 -> 0.042338142 | BN26: =(L26-'Ensemble Parameters'!$B$21)/'Ensemble Parameters'!$C$21 -> -0.52481356 | BO26: =(S26-'Ensemble Parameters'!$B$22)/'Ensemble Parameters'!$C$22 -> -0.51039978 | BP26: =(W26-'Ensemble Parameters'!$B$23)/'Ensemble Parameters'!$C$23 -> -0.60652666 | BQ26: =AVERAGE(BO26:BP26) -> -0.55846322 | BR26: =(AQ26-'Ensemble Parameters'!$B$24)/'Ensemble Parameters'!$C$24 -> -0.41957381 | BS26: =BM26*'Ensemble Parameters'!$B$5+BN26*'Ensemble Parameters'!$B$6+BQ26*'Ensemble Parameters'!$B$8+BR26*'Ensemble Parameters'!$B$7 -> -0.36512811 | BT26: ='Ensemble Parameters'!$B$11+'Ensemble Parameters'!$B$12*BS26 -> 96.348719 | BU26: ='Ensemble Parameters'!$B$13*BS26 -> -5.1117936 | BV26: =RANK(BT26,$BT$5:$BT$125,0) -> 67 | BW26: =STDEV(BM26,BN26,BQ26,BR26) -> 0.27801139 | BX26: =IF(BW26<'Ensemble Parameters'!$B$14,"High",IF(BW26<'Ensemble Parameters'!$B$15,"Moderate","Low")) -> High | BY26: =IF(BX26="Low","REVIEW — MODEL DISAGREEMENT","") | BZ26: 4
A27: American | B27: Navy | C27: NAVY | D27: 91 | E27: NAVY | F27: 33.40456 | G27: 8 | H27: 4.3104771 | I27: 20.473129 | J27: 2025_POSTERIOR_CARRYOVER | K27: P0_REGRESSED_2025_POSTERIOR | L27: 3.2668995 | M27: 103.2669 | N27: 32 | O27: 0.4496 | P27: -0.8064 | Q27: Complete | R27: PASS | S27: 0.559895 | T27: 30 | U27: 0.560713 | V27: 35 | W27: 0.53172778 | X27: 36 | Y27: 0.53504976 | Z27: 35 | AA27: 0.6771 | AB27: 0.4361 | AC27: 0.3174 | AE27: 0.75 | AF27: 0.5691 | AG27: 0 | AH27: 5 | AI27: AVAILABLE — exact from 2026_Board_J-B_Run2.xlsx | AJ27: 8.29 | AK27: 7.63 | AL27: 6.91 | AM27: 7.5185339 | AN27: 30 | AO27: 14 | AP27: 2025 Baxter fitted rating | AQ27: 5.2629737 | AR27: 30 | AS27: -2.5014 | AT27: 2.7615737 | AU27: 33 | AW27: BLOCKED | AX27: No play-by-play/drive efficiency, scoring-opportunity, explosiveness, field-position, havoc, or special-teams results; official SP+ coefficients are unavailable. | AY27: 3.7619541 | AZ27: 103.76195 | BA27: 32 | BB27: B | BE27: INITIALIZATION ONLY | BF27: 0.0082975916 | BG27: 49 | BH27: 12 | BI27: 12 | BJ27: 0 | BL27: PARTIAL — TOPOLOGY ONLY | BM27: =(F27-'Ensemble Parameters'!$B$20)/'Ensemble Parameters'!$C$20 -> 1.8936892 | BN27: =(L27-'Ensemble Parameters'!$B$21)/'Ensemble Parameters'!$C$21 -> 0.34243948 | BO27: =(S27-'Ensemble Parameters'!$B$22)/'Ensemble Parameters'!$C$22 -> 0.57162285 | BP27: =(W27-'Ensemble Parameters'!$B$23)/'Ensemble Parameters'!$C$23 -> 0.3381408 | BQ27: =AVERAGE(BO27:BP27) -> 0.45488182 | BR27: =(AQ27-'Ensemble Parameters'!$B$24)/'Ensemble Parameters'!$C$24 -> 0.35489605 | BS27: =BM27*'Ensemble Parameters'!$B$5+BN27*'Ensemble Parameters'!$B$6+BQ27*'Ensemble Parameters'!$B$8+BR27*'Ensemble Parameters'!$B$7 -> 0.76147664 | BT27: ='Ensemble Parameters'!$B$11+'Ensemble Parameters'!$B$12*BS27 -> 107.61477 | BU27: ='Ensemble Parameters'!$B$13*BS27 -> 10.660673 | BV27: =RANK(BT27,$BT$5:$BT$125,0) -> 28 | BW27: =STDEV(BM27,BN27,BQ27,BR27) -> 0.75648432 | BX27: =IF(BW27<'Ensemble Parameters'!$B$14,"High",IF(BW27<'Ensemble Parameters'!$B$15,"Moderate","Low")) -> Low | BY27: =IF(BX27="Low","REVIEW — MODEL DISAGREEMENT","") -> REVIEW — MODEL DISAGREEMENT | BZ27: 4
A28: American | B28: New Mexico State | C28: NMSU | D28: 92 | E28: NMSU | F28: 23.97717 | G28: 58 | H28: 4.0467932 | I28: 11.836791 | J28: 2025_POSTERIOR_CARRYOVER | K28: P0_REGRESSED_2025_POSTERIOR | L28: -8.2944689 | M28: 91.705531 | N28: 96 | O28: 0.4760381 | P28: -0.38339048 | Q28: Complete | R28: PASS | S28: 0.36194 | T28: 97 | U28: 0.355607 | V28: 100 | W28: 0.3865 | X28: 102 | Y28: 0.37798443 | Z28: 100 | AA28: 0.2122 | AB28: 0.4963 | AC28: 0.4356 | AD28: 0.2907 | AE28: 0.75 | AF28: 0.2907 | AG28: 9.59 | AH28: 3 | AI28: AVAILABLE — exact from 2026_Board_J-B_Run2.xlsx | AJ28: 5.09 | AK28: 5.3 | AL28: 6.32 | AM28: -17.15216 | AN28: 89 | AO28: 13 | AP28: 2025 Baxter fitted rating | AQ28: -12.006512 | AR28: 91 | AS28: -0.38821689 | AT28: -12.394729 | AU28: 97 | AW28: BLOCKED | AX28: No play-by-play/drive efficiency, scoring-opportunity, explosiveness, field-position, havoc, or special-teams results; official SP+ coefficients are unavailable. | AY28: -10.026614 | AZ28: 89.973386 | BA28: 107 | BB28: B | BE28: INITIALIZATION ONLY | BF28: 0.0083176671 | BG28: 31 | BH28: 12 | BI28: 12 | BJ28: 0 | BL28: PARTIAL — TOPOLOGY ONLY | BM28: =(F28-'Ensemble Parameters'!$B$20)/'Ensemble Parameters'!$C$20 -> -0.26890912 | BN28: =(L28-'Ensemble Parameters'!$B$21)/'Ensemble Parameters'!$C$21 -> -0.86943402 | BO28: =(S28-'Ensemble Parameters'!$B$22)/'Ensemble Parameters'!$C$22 -> -0.80884358 | BP28: =(W28-'Ensemble Parameters'!$B$23)/'Ensemble Parameters'!$C$23 -> -0.79978882 | BQ28: =AVERAGE(BO28:BP28) -> -0.8043162 | BR28: =(AQ28-'Ensemble Parameters'!$B$24)/'Ensemble Parameters'!$C$24 -> -0.79099514 | BS28: =BM28*'Ensemble Parameters'!$B$5+BN28*'Ensemble Parameters'!$B$6+BQ28*'Ensemble Parameters'!$B$8+BR28*'Ensemble Parameters'!$B$7 -> -0.68341362 | BT28: ='Ensemble Parameters'!$B$11+'Ensemble Parameters'!$B$12*BS28 -> 93.165864 | BU28: ='Ensemble Parameters'!$B$13*BS28 -> -9.5677907 | BV28: =RANK(BT28,$BT$5:$BT$125,0) -> 87 | BW28: =STDEV(BM28,BN28,BQ28,BR28) -> 0.27845334 | BX28: =IF(BW28<'Ensemble Parameters'!$B$14,"High",IF(BW28<'Ensemble Parameters'!$B$15,"Moderate","Low")) -> High | BY28: =IF(BX28="Low","REVIEW — MODEL DISAGREEMENT","") | BZ28: 4
A29: American | B29: North Texas | C29: UNT | D29: 93 | E29: UNT | F29: 27.924817 | G29: 31 | H29: 4.0323245 | I29: 15.827844 | J29: 2025_POSTERIOR_CARRYOVER | K29: P0_REGRESSED_2025_POSTERIOR | L29: -2.7326549 | M29: 97.267345 | N29: 59 | O29: 0.36920952 | P29: -2.0926476 | Q29: Complete | R29: PASS | S29: 0.42906 | T29: 66 | U29: 0.433553 | V29: 74 | W29: 0.42629 | X29: 74 | Y29: 0.43102867 | Z29: 74 | AA29: 0.5076 | AB29: 0.2884 | AC29: 0.4542 | AD29: 0.399 | AE29: 0.375 | AF29: 0.4796 | AG29: 12.86 | AH29: 8 | AI29: AVAILABLE — exact from 2026_Board_J-B_Run2.xlsx | AJ29: 5.73 | AK29: 5.47 | AL29: 4.04 | AM29: -2.1012885 | AN29: 44 | AO29: 14 | AP29: 2025 Baxter fitted rating | AQ29: -1.4709019 | AR29: 44 | AS29: -2.9698938 | AT29: -4.4407958 | AU29: 54 | AW29: BLOCKED | AX29: No play-by-play/drive efficiency, scoring-opportunity, explosiveness, field-position, havoc, or special-teams results; official SP+ coefficients are unavailable. | AY29: -2.9536004 | AZ29: 97.0464 | BA29: 62 | BB29: B | BE29: INITIALIZATION ONLY | BF29: 0.0083573996 | BG29: 13 | BH29: 12 | BI29: 12 | BJ29: 0 | BL29: PARTIAL — TOPOLOGY ONLY | BM29: =(F29-'Ensemble Parameters'!$B$20)/'Ensemble Parameters'!$C$20 -> 0.63666233 | BN29: =(L29-'Ensemble Parameters'!$B$21)/'Ensemble Parameters'!$C$21 -> -0.28643945 | BO29: =(S29-'Ensemble Parameters'!$B$22)/'Ensemble Parameters'!$C$22 -> -0.34077302 | BP29: =(W29-'Ensemble Parameters'!$B$23)/'Ensemble Parameters'!$C$23 -> -0.488015 | BQ29: =AVERAGE(BO29:BP29) -> -0.41439401 | BR29: =(AQ29-'Ensemble Parameters'!$B$24)/'Ensemble Parameters'!$C$24 -> -0.091920317 | BS29: =BM29*'Ensemble Parameters'!$B$5+BN29*'Ensemble Parameters'!$B$6+BQ29*'Ensemble Parameters'!$B$8+BR29*'Ensemble Parameters'!$B$7 -> -0.039022862 | BT29: ='Ensemble Parameters'!$B$11+'Ensemble Parameters'!$B$12*BS29 -> 99.609771 | BU29: ='Ensemble Parameters'!$B$13*BS29 -> -0.54632007 | BV29: =RANK(BT29,$BT$5:$BT$125,0) -> 46 | BW29: =STDEV(BM29,BN29,BQ29,BR29) -> 0.4695626 | BX29: =IF(BW29<'Ensemble Parameters'!$B$14,"High",IF(BW29<'Ensemble Parameters'!$B$15,"Moderate","Low")) -> Moderate | BY29: =IF(BX29="Low","REVIEW — MODEL DISAGREEMENT","") | BZ29: 4
A30: American | B30: Rice | C30: RICE | D30: 94 | E30: RICE | F30: 21.885029 | G30: 90 | H30: 4.1036922 | I30: 9.5739526 | J30: 2025_POSTERIOR_CARRYOVER | K30: P0_REGRESSED_2025_POSTERIOR | L30: -10.121894 | M30: 89.878106 | N30: 112 | O30: 0.46520952 | P30: -0.55664762 | Q30: Complete | R30: PASS | S30: 0.323145 | T30: 110 | U30: 0.322883 | V30: 112 | W30: 0.35404 | X30: 106 | Y30: 0.351032 | Z30: 112 | AA30: 0.1367 | AB30: 0.3918 | AC30: 0.4321 | AD30: 0.4481 | AE30: 0.75 | AF30: 0.3202 | AG30: 9.03 | AH30: 2 | AI30: AVAILABLE — exact from 2026_Board_J-B_Run2.xlsx | AJ30: 4.11 | AK30: 4.36 | AL30: 4.86 | AM30: -20.810896 | AN30: 111 | AO30: 12 | AP30: 2025 Baxter fitted rating | AQ30: -14.567627 | AR30: 113 | AS30: -0.25452045 | AT30: -14.822148 | AU30: 111 | AW30: BLOCKED | AX30: No play-by-play/drive efficiency, scoring-opportunity, explosiveness, field-position, havoc, or special-teams results; official SP+ coefficients are unavailable. | AY30: -11.618039 | AZ30: 88.381961 | BA30: 114 | BB30: B | BE30: INITIALIZATION ONLY | BF30: 0.0083266988 | BG30: 23 | BH30: 12 | BI30: 12 | BJ30: 0 | BL30: PARTIAL — TOPOLOGY ONLY | BM30: =(F30-'Ensemble Parameters'!$B$20)/'Ensemble Parameters'!$C$20 -> -0.74883633 | BN30: =(L30-'Ensemble Parameters'!$B$21)/'Ensemble Parameters'!$C$21 -> -1.0609864 | BO30: =(S30-'Ensemble Parameters'!$B$22)/'Ensemble Parameters'!$C$22 -> -1.0793858 | BP30: =(W30-'Ensemble Parameters'!$B$23)/'Ensemble Parameters'!$C$23 -> -1.0541286 | BQ30: =AVERAGE(BO30:BP30) -> -1.0667572 | BR30: =(AQ30-'Ensemble Parameters'!$B$24)/'Ensemble Parameters'!$C$24 -> -0.96093417 | BS30: =BM30*'Ensemble Parameters'!$B$5+BN30*'Ensemble Parameters'!$B$6+BQ30*'Ensemble Parameters'!$B$8+BR30*'Ensemble Parameters'!$B$7 -> -0.95937853 | BT30: ='Ensemble Parameters'!$B$11+'Ensemble Parameters'!$B$12*BS30 -> 90.406215 | BU30: ='Ensemble Parameters'!$B$13*BS30 -> -13.431299 | BV30: =RANK(BT30,$BT$5:$BT$125,0) -> 109 | BW30: =STDEV(BM30,BN30,BQ30,BR30) -> 0.14853146 | BX30: =IF(BW30<'Ensemble Parameters'!$B$14,"High",IF(BW30<'Ensemble Parameters'!$B$15,"Moderate","Low")) -> High | BY30: =IF(BX30="Low","REVIEW — MODEL DISAGREEMENT","") | BZ30: 4
A31: American | B31: South Florida | C31: USF | D31: 95 | E31: USF | F31: 21.622357 | G31: 98 | H31: 4.2606698 | I31: 8.8403477 | J31: 2025_POSTERIOR_CARRYOVER | K31: P0_REGRESSED_2025_POSTERIOR | L31: -3.7927018 | M31: 96.207298 | N31: 70 | O31: 0.44861905 | P31: -0.82209524 | Q31: Complete | R31: PASS | S31: 0.383969 | T31: 76 | U31: 0.414807 | V31: 83 | W31: 0.396465 | X31: 76 | Y31: 0.42619259 | Z31: 83 | AA31: 0.2991 | AB31: 0.4029 | AC31: 0.4688 | AD31: 0.565 | AE31: 0.375 | AF31: 0.7309 | AG31: 15.75 | AH31: 7 | AI31: AVAILABLE — exact from 2026_Board_J-B_Run2.xlsx | AJ31: 6.17 | AK31: 6.14 | AL31: 5.05 | AM31: -6.6379906 | AN31: 56 | AO31: 12 | AP31: 2025 Baxter fitted rating | AQ31: -4.6465934 | AR31: 56 | AS31: -1.1887667 | AT31: -5.8353601 | AU31: 65 | AW31: BLOCKED | AX31: No play-by-play/drive efficiency, scoring-opportunity, explosiveness, field-position, havoc, or special-teams results; official SP+ coefficients are unavailable. | AY31: -2.0032472 | AZ31: 97.996753 | BA31: 52 | BB31: B | BE31: INITIALIZATION ONLY | BF31: 0.0082882327 | BG31: 64 | BH31: 12 | BI31: 12 | BJ31: 0 | BL31: PARTIAL — TOPOLOGY ONLY | BM31: =(F31-'Ensemble Parameters'!$B$20)/'Ensemble Parameters'!$C$20 -> -0.80909207 | BN31: =(L31-'Ensemble Parameters'!$B$21)/'Ensemble Parameters'!$C$21 -> -0.39755456 | BO31: =(S31-'Ensemble Parameters'!$B$22)/'Ensemble Parameters'!$C$22 -> -0.65522132 | BP31: =(W31-'Ensemble Parameters'!$B$23)/'Ensemble Parameters'!$C$23 -> -0.72170825 | BQ31: =AVERAGE(BO31:BP31) -> -0.68846478 | BR31: =(AQ31-'Ensemble Parameters'!$B$24)/'Ensemble Parameters'!$C$24 -> -0.30263863 | BS31: =BM31*'Ensemble Parameters'!$B$5+BN31*'Ensemble Parameters'!$B$6+BQ31*'Ensemble Parameters'!$B$8+BR31*'Ensemble Parameters'!$B$7 -> -0.54943751 | BT31: ='Ensemble Parameters'!$B$11+'Ensemble Parameters'!$B$12*BS31 -> 94.505625 | BU31: ='Ensemble Parameters'!$B$13*BS31 -> -7.6921251 | BV31: =RANK(BT31,$BT$5:$BT$125,0) -> 76 | BW31: =STDEV(BM31,BN31,BQ31,BR31) -> 0.2385562 | BX31: =IF(BW31<'Ensemble Parameters'!$B$14,"High",IF(BW31<'Ensemble Parameters'!$B$15,"Moderate","Low")) -> High | BY31: =IF(BX31="Low","REVIEW — MODEL DISAGREEMENT","") | BZ31: 4
A32: American | B32: Southern Miss | C32: USM | D32: 96 | E32: USM | F32: 22.331904 | G32: 83 | H32: 4.2321504 | I32: 9.6354531 | J32: 2025_POSTERIOR_CARRYOVER | K32: P0_REGRESSED_2025_POSTERIOR | L32: -8.5082792 | M32: 91.491721 | N32: 99 | O32: 0.36362857 | P32: -2.1819429 | Q32: Complete | R32: PASS | S32: 0.29084 | T32: 116 | U32: 0.296365 | V32: 119 | W32: 0.313035 | X32: 118 | Y32: 0.31658745 | Z32: 119 | AA32: 0.1953 | AB32: 0.2514 | AC32: 0.444 | AD32: 0.459 | AE32: 0.375 | AF32: 0.353 | AG32: 11.01 | AH32: 3 | AI32: AVAILABLE — exact from 2026_Board_J-B_Run2.xlsx | AJ32: 3.89 | AK32: 4.06 | AL32: 3.54 | AM32: -13.36486 | AN32: 85 | AO32: 12 | AP32: 2025 Baxter fitted rating | AQ32: -9.3554017 | AR32: 87 | AS32: -1.9208665 | AT32: -11.276268 | AU32: 91 | AW32: BLOCKED | AX32: No play-by-play/drive efficiency, scoring-opportunity, explosiveness, field-position, havoc, or special-teams results; official SP+ coefficients are unavailable. | AY32: -9.7420246 | AZ32: 90.257975 | BA32: 103 | BB32: B | BE32: INITIALIZATION ONLY | BF32: 0.0083021875 | BG32: 41 | BH32: 12 | BI32: 12 | BJ32: 0 | BL32: PARTIAL — TOPOLOGY ONLY | BM32: =(F32-'Ensemble Parameters'!$B$20)/'Ensemble Parameters'!$C$20 -> -0.64632529 | BN32: =(L32-'Ensemble Parameters'!$B$21)/'Ensemble Parameters'!$C$21 -> -0.89184582 | BO32: =(S32-'Ensemble Parameters'!$B$22)/'Ensemble Parameters'!$C$22 -> -1.3046692 | BP32: =(W32-'Ensemble Parameters'!$B$23)/'Ensemble Parameters'!$C$23 -> -1.3754225 | BQ32: =AVERAGE(BO32:BP32) -> -1.3400459 | BR32: =(AQ32-'Ensemble Parameters'!$B$24)/'Ensemble Parameters'!$C$24 -> -0.61508464 | BS32: =BM32*'Ensemble Parameters'!$B$5+BN32*'Ensemble Parameters'!$B$6+BQ32*'Ensemble Parameters'!$B$8+BR32*'Ensemble Parameters'!$B$7 -> -0.8733254 | BT32: ='Ensemble Parameters'!$B$11+'Ensemble Parameters'!$B$12*BS32 -> 91.266746 | BU32: ='Ensemble Parameters'!$B$13*BS32 -> -12.226556 | BV32: =RANK(BT32,$BT$5:$BT$125,0) -> 105 | BW32: =STDEV(BM32,BN32,BQ32,BR32) -> 0.33485734 | BX32: =IF(BW32<'Ensemble Parameters'!$B$14,"High",IF(BW32<'Ensemble Parameters'!$B$15,"Moderate","Low")) -> Moderate | BY32: =IF(BX32="Low","REVIEW — MODEL DISAGREEMENT","") | BZ32: 4
A33: American | B33: Temple | C33: TEM | D33: 97 | E33: TEM | F33: 25.586865 | G33: 44 | H33: 4.1497056 | I33: 13.137748 | J33: 2025_POSTERIOR_CARRYOVER | K33: P0_REGRESSED_2025_POSTERIOR | L33: -2.8755371 | M33: 97.124463 | N33: 62 | O33: 0.5236 | P33: 0.3776 | Q33: Complete | R33: PASS | S33: 0.451937 | T33: 59 | U33: 0.452156 | V33: 69 | W33: 0.462985 | X33: 62 | Y33: 0.46222189 | Z33: 69 | AA33: 0.3579 | AB33: 0.4914 | AC33: 0.4408 | AD33: 0.5424 | AE33: 0.75 | AF33: 0.4544 | AG33: 10.45 | AH33: 10 | AI33: AVAILABLE — exact from 2026_Board_J-B_Run2.xlsx | AJ33: 6.71 | AK33: 6.8 | AL33: 7.36 | AM33: -7.9361132 | AN33: 59 | AO33: 13 | AP33: 2025 Baxter fitted rating | AQ33: -5.5552792 | AR33: 61 | AS33: -0.31945639 | AT33: -5.8747356 | AU33: 66 | AW33: BLOCKED | AX33: No play-by-play/drive efficiency, scoring-opportunity, explosiveness, field-position, havoc, or special-teams results; official SP+ coefficients are unavailable. | AY33: -3.2980826 | AZ33: 96.701917 | BA33: 64 | BB33: B | BE33: INITIALIZATION ONLY | BF33: 0.0083211809 | BG33: 28 | BH33: 12 | BI33: 12 | BJ33: 0 | BL33: PARTIAL — TOPOLOGY ONLY | BM33: =(F33-'Ensemble Parameters'!$B$20)/'Ensemble Parameters'!$C$20 -> 0.10034709 | BN33: =(L33-'Ensemble Parameters'!$B$21)/'Ensemble Parameters'!$C$21 -> -0.3014165 | BO33: =(S33-'Ensemble Parameters'!$B$22)/'Ensemble Parameters'!$C$22 -> -0.18123712 | BP33: =(W33-'Ensemble Parameters'!$B$23)/'Ensemble Parameters'!$C$23 -> -0.20049199 | BQ33: =AVERAGE(BO33:BP33) -> -0.19086456 | BR33: =(AQ33-'Ensemble Parameters'!$B$24)/'Ensemble Parameters'!$C$24 -> -0.36293313 | BS33: =BM33*'Ensemble Parameters'!$B$5+BN33*'Ensemble Parameters'!$B$6+BQ33*'Ensemble Parameters'!$B$8+BR33*'Ensemble Parameters'!$B$7 -> -0.18871677 | BT33: ='Ensemble Parameters'!$B$11+'Ensemble Parameters'!$B$12*BS33 -> 98.112832 | BU33: ='Ensemble Parameters'!$B$13*BS33 -> -2.6420348 | BV33: =RANK(BT33,$BT$5:$BT$125,0) -> 52 | BW33: =STDEV(BM33,BN33,BQ33,BR33) -> 0.20543863 | BX33: =IF(BW33<'Ensemble Parameters'!$B$14,"High",IF(BW33<'Ensemble Parameters'!$B$15,"Moderate","Low")) -> High | BY33: =IF(BX33="Low","REVIEW — MODEL DISAGREEMENT","") | BZ33: 4
A34: American | B34: Tulane | C34: TLN | D34: 98 | E34: TLN | F34: 31.447406 | G34: 17 | H34: 4.3180268 | I34: 18.493326 | J34: 2025_POSTERIOR_CARRYOVER | K34: P0_REGRESSED_2025_POSTERIOR | L34: 5.7071294 | M34: 105.70713 | N34: 28 | O34: 0.43749524 | P34: -1.0000762 | Q34: Complete | R34: PASS | S34: 0.548755 | T34: 32 | U34: 0.558163 | V34: 38 | W34: 0.52672 | X34: 35 | Y34: 0.53808713 | Z34: 38 | AA34: 0.6948 | AB34: 0.4092 | AC34: 0.4448 | AD34: 0.53 | AE34: 0.375 | AF34: 0.6546 | AG34: 11.14 | AH34: 6 | AI34: AVAILABLE — exact from 2026_Board_J-B_Run2.xlsx | AJ34: 8.86 | AK34: 8.16 | AL34: 5.8 | AM34: 14.13199 | AN34: 28 | AO34: 14 | AP34: 2025 Baxter fitted rating | AQ34: 9.8923927 | AR34: 28 | AS34: -2.8305717 | AT34: 7.061821 | AU34: 28 | AW34: BLOCKED | AX34: No play-by-play/drive efficiency, scoring-opportunity, explosiveness, field-position, havoc, or special-teams results; official SP+ coefficients are unavailable. | AY34: 6.8861839 | AZ34: 106.88618 | BA34: 28 | BB34: B | BE34: INITIALIZATION ONLY | BF34: 0.0083305699 | BG34: 20 | BH34: 12 | BI34: 12 | BJ34: 0 | BL34: PARTIAL — TOPOLOGY ONLY | BM34: =(F34-'Ensemble Parameters'!$B$20)/'Ensemble Parameters'!$C$20 -> 1.4447275 | BN34: =(L34-'Ensemble Parameters'!$B$21)/'Ensemble Parameters'!$C$21 -> 0.59822666 | BO34: =(S34-'Ensemble Parameters'!$B$22)/'Ensemble Parameters'!$C$22 -> 0.49393652 | BP34: =(W34-'Ensemble Parameters'!$B$23)/'Ensemble Parameters'!$C$23 -> 0.29890244 | BQ34: =AVERAGE(BO34:BP34) -> 0.39641948 | BR34: =(AQ34-'Ensemble Parameters'!$B$24)/'Ensemble Parameters'!$C$24 -> 0.6620743 | BS34: =BM34*'Ensemble Parameters'!$B$5+BN34*'Ensemble Parameters'!$B$6+BQ34*'Ensemble Parameters'!$B$8+BR34*'Ensemble Parameters'!$B$7 -> 0.77536199 | BT34: ='Ensemble Parameters'!$B$11+'Ensemble Parameters'!$B$12*BS34 -> 107.75362 | BU34: ='Ensemble Parameters'!$B$13*BS34 -> 10.855068 | BV34: =RANK(BT34,$BT$5:$BT$125,0) -> 27 | BW34: =STDEV(BM34,BN34,BQ34,BR34) -> 0.46038341 | BX34: =IF(BW34<'Ensemble Parameters'!$B$14,"High",IF(BW34<'Ensemble Parameters'!$B$15,"Moderate","Low")) -> Moderate | BY34: =IF(BX34="Low","REVIEW — MODEL DISAGREEMENT","") | BZ34: 4
A35: American | B35: Tulsa | C35: TLSA | D35: 99 | E35: TLSA | F35: 21.056199 | G35: 103 | H35: 4.298255 | I35: 8.161434 | J35: 2025_POSTERIOR_CARRYOVER | K35: P0_REGRESSED_2025_POSTERIOR | L35: -3.6860563 | M35: 96.313944 | N35: 69 | O35: 0.54767619 | P35: 0.76281905 | Q35: Complete | R35: PASS | S35: 0.415538 | T35: 75 | U35: 0.414894 | V35: 79 | W35: 0.436575 | X35: 73 | Y35: 0.43406166 | Z35: 79 | AA35: 0.2421 | AB35: 0.5897 | AC35: 0.4556 | AD35: 0.45 | AE35: 0.75 | AF35: 0.4083 | AG35: 13.12 | AH35: 4 | AI35: AVAILABLE — exact from 2026_Board_J-B_Run2.xlsx | AJ35: 6.09 | AK35: 6.28 | AL35: 7.27 | AM35: -8.892354 | AN35: 62 | AO35: 12 | AP35: 2025 Baxter fitted rating | AQ35: -6.2246478 | AR35: 64 | AS35: 0.43738311 | AT35: -5.7872647 | AU35: 62 | AW35: BLOCKED | AX35: No play-by-play/drive efficiency, scoring-opportunity, explosiveness, field-position, havoc, or special-teams results; official SP+ coefficients are unavailable. | AY35: -4.4774017 | AZ35: 95.522598 | BA35: 75 | BB35: B | BE35: INITIALIZATION ONLY | BF35: 0.0083231791 | BG35: 25 | BH35: 12 | BI35: 12 | BJ35: 0 | BL35: PARTIAL — TOPOLOGY ONLY | BM35: =(F35-'Ensemble Parameters'!$B$20)/'Ensemble Parameters'!$C$20 -> -0.93896604 | BN35: =(L35-'Ensemble Parameters'!$B$21)/'Ensemble Parameters'!$C$21 -> -0.38637588 | BO35: =(S35-'Ensemble Parameters'!$B$22)/'Ensemble Parameters'!$C$22 -> -0.43507055 | BP35: =(W35-'Ensemble Parameters'!$B$23)/'Ensemble Parameters'!$C$23 -> -0.40742707 | BQ35: =AVERAGE(BO35:BP35) -> -0.42124881 | BR35: =(AQ35-'Ensemble Parameters'!$B$24)/'Ensemble Parameters'!$C$24 -> -0.4073481 | BS35: =BM35*'Ensemble Parameters'!$B$5+BN35*'Ensemble Parameters'!$B$6+BQ35*'Ensemble Parameters'!$B$8+BR35*'Ensemble Parameters'!$B$7 -> -0.53848471 | BT35: ='Ensemble Parameters'!$B$11+'Ensemble Parameters'!$B$12*BS35 -> 94.615153 | BU35: ='Ensemble Parameters'!$B$13*BS35 -> -7.5387859 | BV35: =RANK(BT35,$BT$5:$BT$125,0) -> 74 | BW35: =STDEV(BM35,BN35,BQ35,BR35) -> 0.26737206 | BX35: =IF(BW35<'Ensemble Parameters'!$B$14,"High",IF(BW35<'Ensemble Parameters'!$B$15,"Moderate","Low")) -> High | BY35: =IF(BX35="Low","REVIEW — MODEL DISAGREEMENT","") | BZ35: 4
A36: American | B36: UAB | C36: UAB | D36: 100 | E36: UAB | F36: 23.887311 | G36: 61 | H36: 3.945615 | I36: 12.050466 | J36: 2025_POSTERIOR_CARRYOVER | K36: P0_REGRESSED_2025_POSTERIOR | L36: -10.598469 | M36: 89.401531 | N36: 114 | O36: 0.40090476 | P36: -1.5855238 | Q36: Complete | R36: PASS | S36: 0.31182 | T36: 112 | U36: 0.308085 | V36: 116 | W36: 0.333145 | X36: 115 | Y36: 0.32751433 | Z36: 116 | AA36: 0.1949 | AB36: 0.3432 | AC36: 0.4508 | AD36: 0.4609 | AE36: 0.375 | AF36: 0.2698 | AG36: 12.22 | AH36: 4 | AI36: AVAILABLE — exact from 2026_Board_J-B_Run2.xlsx | AJ36: 3.64 | AK36: 3.82 | AL36: 3.44 | AM36: -20.054736 | AN36: 106 | AO36: 14 | AP36: 2025 Baxter fitted rating | AQ36: -14.038315 | AR36: 108 | AS36: -1.4414187 | AT36: -15.479734 | AU36: 117 | AW36: BLOCKED | AX36: No play-by-play/drive efficiency, scoring-opportunity, explosiveness, field-position, havoc, or special-teams results; official SP+ coefficients are unavailable. | AY36: -12.497814 | AZ36: 87.502186 | BA36: 116 | BB36: B | BE36: INITIALIZATION ONLY | BF36: 0.0082871142 | BG36: 65 | BH36: 12 | BI36: 12 | BJ36: 0 | BL36: PARTIAL — TOPOLOGY ONLY | BM36: =(F36-'Ensemble Parameters'!$B$20)/'Ensemble Parameters'!$C$20 -> -0.28952247 | BN36: =(L36-'Ensemble Parameters'!$B$21)/'Ensemble Parameters'!$C$21 -> -1.1109414 | BO36: =(S36-'Ensemble Parameters'!$B$22)/'Ensemble Parameters'!$C$22 -> -1.1583623 | BP36: =(W36-'Ensemble Parameters'!$B$23)/'Ensemble Parameters'!$C$23 -> -1.217851 | BQ36: =AVERAGE(BO36:BP36) -> -1.1881066 | BR36: =(AQ36-'Ensemble Parameters'!$B$24)/'Ensemble Parameters'!$C$24 -> -0.92581243 | BS36: =BM36*'Ensemble Parameters'!$B$5+BN36*'Ensemble Parameters'!$B$6+BQ36*'Ensemble Parameters'!$B$8+BR36*'Ensemble Parameters'!$B$7 -> -0.87859574 | BT36: ='Ensemble Parameters'!$B$11+'Ensemble Parameters'!$B$12*BS36 -> 91.214043 | BU36: ='Ensemble Parameters'!$B$13*BS36 -> -12.30034 | BV36: =RANK(BT36,$BT$5:$BT$125,0) -> 106 | BW36: =STDEV(BM36,BN36,BQ36,BR36) -> 0.40784729 | BX36: =IF(BW36<'Ensemble Parameters'!$B$14,"High",IF(BW36<'Ensemble Parameters'!$B$15,"Moderate","Low")) -> Moderate | BY36: =IF(BX36="Low","REVIEW — MODEL DISAGREEMENT","") | BZ36: 4
A37: American | B37: UTSA | C37: UTSA | D37: 101 | E37: UTSA | F37: 21.960935 | G37: 89 | H37: 4.3862811 | I37: 8.8020917 | J37: 2025_POSTERIOR_CARRYOVER | K37: P0_REGRESSED_2025_POSTERIOR | L37: -9.1076251 | M37: 90.892375 | N37: 102 | O37: 0.56579048 | P37: 1.0526476 | Q37: Complete | R37: PASS | S37: 0.368912 | T37: 85 | U37: 0.384475 | V37: 87 | W37: 0.398365 | X37: 83 | Y37: 0.41131035 | Z37: 87 | AA37: 0.1105 | AB37: 0.6022 | AC37: 0.439 | AD37: 0.545 | AE37: 0.75 | AF37: 0.544 | AG37: 10.16 | AH37: 2 | AI37: AVAILABLE — exact from 2026_Board_J-B_Run2.xlsx | AJ37: 4.87 | AK37: 5.17 | AL37: 6.37 | AM37: -20.447142 | AN37: 109 | AO37: 12 | AP37: 2025 Baxter fitted rating | AQ37: -14.313 | AR37: 111 | AS37: 1.1040142 | AT37: -13.208985 | AU37: 99 | AW37: BLOCKED | AX37: No play-by-play/drive efficiency, scoring-opportunity, explosiveness, field-position, havoc, or special-teams results; official SP+ coefficients are unavailable. | AY37: -8.8133705 | AZ37: 91.186629 | BA37: 98 | BB37: B | BE37: INITIALIZATION ONLY | BF37: 0.0083617628 | BG37: 11 | BH37: 12 | BI37: 12 | BJ37: 0 | BL37: PARTIAL — TOPOLOGY ONLY | BM37: =(F37-'Ensemble Parameters'!$B$20)/'Ensemble Parameters'!$C$20 -> -0.73142389 | BN37: =(L37-'Ensemble Parameters'!$B$21)/'Ensemble Parameters'!$C$21 -> -0.95466982 | BO37: =(S37-'Ensemble Parameters'!$B$22)/'Ensemble Parameters'!$C$22 -> -0.76022338 | BP37: =(W37-'Ensemble Parameters'!$B$23)/'Ensemble Parameters'!$C$23 -> -0.70682083 | BQ37: =AVERAGE(BO37:BP37) -> -0.7335221 | BR37: =(AQ37-'Ensemble Parameters'!$B$24)/'Ensemble Parameters'!$C$24 -> -0.94403872 | BS37: =BM37*'Ensemble Parameters'!$B$5+BN37*'Ensemble Parameters'!$B$6+BQ37*'Ensemble Parameters'!$B$8+BR37*'Ensemble Parameters'!$B$7 -> -0.84091363 | BT37: ='Ensemble Parameters'!$B$11+'Ensemble Parameters'!$B$12*BS37 -> 91.590864 | BU37: ='Ensemble Parameters'!$B$13*BS37 -> -11.772791 | BV37: =RANK(BT37,$BT$5:$BT$125,0) -> 100 | BW37: =STDEV(BM37,BN37,BQ37,BR37) -> 0.12529458 | BX37: =IF(BW37<'Ensemble Parameters'!$B$14,"High",IF(BW37<'Ensemble Parameters'!$B$15,"Moderate","Low")) -> High | BY37: =IF(BX37="Low","REVIEW — MODEL DISAGREEMENT","") | BZ37: 4
A38: Atlantic-8 | B38: Buffalo | C38: BUFF | D38: 102 | E38: BUFF | F38: 23.86685 | G38: 62 | H38: 3.8597832 | I38: 12.287501 | J38: 2025_POSTERIOR_CARRYOVER | K38: P0_REGRESSED_2025_POSTERIOR | L38: -9.6340867 | M38: 90.365913 | N38: 107 | O38: 0.4510381 | P38: -0.78339048 | Q38: Complete | R38: PASS | S38: 0.353984 | T38: 96 | U38: 0.359159 | V38: 108 | W38: 0.378405 | X38: 96 | Y38: 0.381409 | Z38: 108 | AA38: 0.2266 | AB38: 0.3408 | AC38: 0.4355 | AD38: 0.4706 | AE38: 0.75 | AF38: 0.4122 | AG38: 9.58 | AH38: 12 | AI38: AVAILABLE — exact from 2026_Board_J-B_Run2.xlsx | AJ38: 5.56 | AK38: 5.58 | AL38: 5.41 | AM38: -19.623545 | AN38: 103 | AO38: 14 | AP38: 2025 Baxter fitted rating | AQ38: -13.736482 | AR38: 105 | AS38: -0.7509271 | AT38: -14.487409 | AU38: 110 | AW38: BLOCKED | AX38: No play-by-play/drive efficiency, scoring-opportunity, explosiveness, field-position, havoc, or special-teams results; official SP+ coefficients are unavailable. | AY38: -10.394232 | AZ38: 89.605768 | BA38: 111 | BB38: B | BE38: INITIALIZATION ONLY | BF38: 0.0082610323 | BG38: 97 | BH38: 12 | BI38: 12 | BJ38: 0 | BL38: PARTIAL — TOPOLOGY ONLY | BM38: =(F38-'Ensemble Parameters'!$B$20)/'Ensemble Parameters'!$C$20 -> -0.29421597 | BN38: =(L38-'Ensemble Parameters'!$B$21)/'Ensemble Parameters'!$C$21 -> -1.009854 | BO38: =(S38-'Ensemble Parameters'!$B$22)/'Ensemble Parameters'!$C$22 -> -0.86432584 | BP38: =(W38-'Ensemble Parameters'!$B$23)/'Ensemble Parameters'!$C$23 -> -0.86321705 | BQ38: =AVERAGE(BO38:BP38) -> -0.86377144 | BR38: =(AQ38-'Ensemble Parameters'!$B$24)/'Ensemble Parameters'!$C$24 -> -0.90578472 | BS38: =BM38*'Ensemble Parameters'!$B$5+BN38*'Ensemble Parameters'!$B$6+BQ38*'Ensemble Parameters'!$B$8+BR38*'Ensemble Parameters'!$B$7 -> -0.76840654 | BT38: ='Ensemble Parameters'!$B$11+'Ensemble Parameters'!$B$12*BS38 -> 92.315935 | BU38: ='Ensemble Parameters'!$B$13*BS38 -> -10.757691 | BV38: =RANK(BT38,$BT$5:$BT$125,0) -> 95 | BW38: =STDEV(BM38,BN38,BQ38,BR38) -> 0.32203561 | BX38: =IF(BW38<'Ensemble Parameters'!$B$14,"High",IF(BW38<'Ensemble Parameters'!$B$15,"Moderate","Low")) -> Moderate | BY38: =IF(BX38="Low","REVIEW — MODEL DISAGREEMENT","") | BZ38: 4
A39: Atlantic-8 | B39: Coastal Carolina | C39: CCU | D39: 103 | E39: CCU | F39: 20.497278 | G39: 111 | H39: 4.0446149 | I39: 8.3634333 | J39: 2025_POSTERIOR_CARRYOVER | K39: P0_REGRESSED_2025_POSTERIOR | L39: -12.782434 | M39: 87.217566 | N39: 121 | O39: 0.43335238 | P39: -1.0663619 | Q39: Complete | R39: PASS | S39: 0.265155 | T39: 121 | U39: 0.276234 | V39: 120 | W39: 0.297095 | X39: 119 | Y39: 0.30533545 | Z39: 120 | AA39: 0.0444 | AB39: 0.4254 | AC39: 0.4467 | AD39: 0.473 | AE39: 0.375 | AF39: 0.3898 | AG39: 11.48 | AH39: -1 | AI39: AVAILABLE — exact from 2026_Board_J-B_Run2.xlsx | AJ39: 4.41 | AK39: 4.52 | AL39: 4.02 | AM39: -23.563543 | AN39: 119 | AO39: 12 | AP39: 2025 Baxter fitted rating | AQ39: -16.49448 | AR39: 121 | AS39: -0.49853246 | AT39: -16.993013 | AU39: 121 | AW39: BLOCKED | AX39: No play-by-play/drive efficiency, scoring-opportunity, explosiveness, field-position, havoc, or special-teams results; official SP+ coefficients are unavailable. | AY39: -13.721779 | AZ39: 86.278221 | BA39: 121 | BB39: B | BE39: INITIALIZATION ONLY | BF39: 0.0082582826 | BG39: 101 | BH39: 12 | BI39: 12 | BJ39: 0 | BL39: PARTIAL — TOPOLOGY ONLY | BM39: =(F39-'Ensemble Parameters'!$B$20)/'Ensemble Parameters'!$C$20 -> -1.0671798 | BN39: =(L39-'Ensemble Parameters'!$B$21)/'Ensemble Parameters'!$C$21 -> -1.3398667 | BO39: =(S39-'Ensemble Parameters'!$B$22)/'Ensemble Parameters'!$C$22 -> -1.4837871 | BP39: =(W39-'Ensemble Parameters'!$B$23)/'Ensemble Parameters'!$C$23 -> -1.5003201 | BQ39: =AVERAGE(BO39:BP39) -> -1.4920536 | BR39: =(AQ39-'Ensemble Parameters'!$B$24)/'Ensemble Parameters'!$C$24 -> -1.0887876 | BS39: =BM39*'Ensemble Parameters'!$B$5+BN39*'Ensemble Parameters'!$B$6+BQ39*'Ensemble Parameters'!$B$8+BR39*'Ensemble Parameters'!$B$7 -> -1.2469719 | BT39: ='Ensemble Parameters'!$B$11+'Ensemble Parameters'!$B$12*BS39 -> 87.530281 | BU39: ='Ensemble Parameters'!$B$13*BS39 -> -17.457607 | BV39: =RANK(BT39,$BT$5:$BT$125,0) -> 121 | BW39: =STDEV(BM39,BN39,BQ39,BR39) -> 0.2049731 | BX39: =IF(BW39<'Ensemble Parameters'!$B$14,"High",IF(BW39<'Ensemble Parameters'!$B$15,"Moderate","Low")) -> High | BY39: =IF(BX39="Low","REVIEW — MODEL DISAGREEMENT","") | BZ39: 4
... A81: Big Ten | B81: Wisconsin | C81: WIS | D81: 34 | E81: WIS | F81: 23.937348 | G81: 60 | H81: 4.3169733 | I81: 10.986428 | J81: 2025_POSTERIOR_CARRYOVER | K81: P0_REGRESSED_2025_POSTERIOR | L81: 1.133904 | M81: 101.1339 | N81: 38 | O81: 0.62209524 | P81: 1.9535238 | Q81: Complete | R81: PASS | S81: 0.507112 | T81: 41 | U81: 0.504791 | V81: 40 | W81: 0.52747 | X81: 40 | Y81: 0.52333933 | Z81: 40 | AA81: 0.3562 | AB81: 0.5115 | AC81: 0.512 | AD81: 0.725 | AE81: 1 | AF81: 0.481 | AG81: 26 | AH81: -1 | AI81: AVAILABLE — exact from 2026_Board_J-B_Run2.xlsx | AJ81: 5.97 | AK81: 6.1 | AL81: 6.61 | AM81: -1.2028233 | AN81: 42 | AO81: 12 | AP81: 2025 Baxter fitted rating | AQ81: -0.84197633 | AR81: 42 | AS81: 1.2229219 | AT81: 0.3809456 | AU81: 39 | AW81: BLOCKED | AX81: No play-by-play/drive efficiency, scoring-opportunity, explosiveness, field-position, havoc, or special-teams results; official SP+ coefficients are unavailable. | AY81: 0.92415857 | AZ81: 100.92416 | BA81: 38 | BB81: B | BE81: INITIALIZATION ONLY | BF81: 0.0083084359 | BG81: 34 | BH81: 12 | BI81: 12 | BJ81: 0 | BL81: PARTIAL — TOPOLOGY ONLY | BM81: =(F81-'Ensemble Parameters'!$B$20)/'Ensemble Parameters'!$C$20 -> -0.27804411 | BN81: =(L81-'Ensemble Parameters'!$B$21)/'Ensemble Parameters'!$C$21 -> 0.11885688 | BO81: =(S81-'Ensemble Parameters'!$B$22)/'Ensemble Parameters'!$C$22 -> 0.20353334 | BP81: =(W81-'Ensemble Parameters'!$B$23)/'Ensemble Parameters'!$C$23 -> 0.30477905 | BQ81: =AVERAGE(BO81:BP81) -> 0.25415619 | BR81: =(AQ81-'Ensemble Parameters'!$B$24)/'Ensemble Parameters'!$C$24 -> -0.050188888 | BS81: =BM81*'Ensemble Parameters'!$B$5+BN81*'Ensemble Parameters'!$B$6+BQ81*'Ensemble Parameters'!$B$8+BR81*'Ensemble Parameters'!$B$7 -> 0.011195021 | BT81: ='Ensemble Parameters'!$B$11+'Ensemble Parameters'!$B$12*BS81 -> 100.11195 | BU81: ='Ensemble Parameters'!$B$13*BS81 -> 0.15673029 | BV81: =RANK(BT81,$BT$5:$BT$125,0) -> 43 | BW81: =STDEV(BM81,BN81,BQ81,BR81) -> 0.22952739 | BX81: =IF(BW81<'Ensemble Parameters'!$B$14,"High",IF(BW81<'Ensemble Parameters'!$B$15,"Moderate","Low")) -> High | BY81: =IF(BX81="Low","REVIEW — MODEL DISAGREEMENT","") | BZ81: 4
A82: ECL | B82: Colgate | C82: COLG | D82: 112 | E82: COLG | F82: 22.828047 | G82: 75 | H82: 3.9744468 | I82: 10.904707 | J82: 2025_POSTERIOR_CARRYOVER | K82: P0_REGRESSED_2025_POSTERIOR | L82: -9.1821011 | M82: 90.817899 | N82: 103 | O82: 0.46259048 | P82: -0.59855238 | Q82: Partial — no market input | R82: PASS | S82: 0.325377 | T82: 109 | U82: 0.325377 | V82: 107 | W82: 0.344205 | X82: 110 | Y82: 0.344205 | Z82: 107 | AA82: 0.1453 | AB82: 0.5 | AC82: 0.3174 | AD82: 0.39 | AE82: 0.75 | AF82: dropped (ECL) | AG82: 0 | AH82: -2 | AI82: AVAILABLE — exact from 2026_Board_J-B_Run2.xlsx | AJ82: 5.12 | AK82: 5.2 | AL82: 6.01 | AM82: -18.064835 | AN82: 96 | AO82: 12 | AP82: 2025 Baxter fitted rating | AQ82: -12.645385 | AR82: 98 | AS82: -0.58917145 | AT82: -13.234556 | AU82: 101 | AW82: BLOCKED | AX82: No play-by-play/drive efficiency, scoring-opportunity, explosiveness, field-position, havoc, or special-teams results; official SP+ coefficients are unavailable. | AY82: -9.2398465 | AZ82: 90.760153 | BA82: 100 | BB82: B | BE82: INITIALIZATION ONLY | BF82: 0.0082821292 | BG82: 69 | BH82: 12 | BI82: 12 | BJ82: 0 | BL82: PARTIAL — TOPOLOGY ONLY | BM82: =(F82-'Ensemble Parameters'!$B$20)/'Ensemble Parameters'!$C$20 -> -0.53251249 | BN82: =(L82-'Ensemble Parameters'!$B$21)/'Ensemble Parameters'!$C$21 -> -0.96247646 | BO82: =(S82-'Ensemble Parameters'!$B$22)/'Ensemble Parameters'!$C$22 -> -1.0638207 | BP82: =(W82-'Ensemble Parameters'!$B$23)/'Ensemble Parameters'!$C$23 -> -1.1311905 | BQ82: =AVERAGE(BO82:BP82) -> -1.0975056 | BR82: =(AQ82-'Ensemble Parameters'!$B$24)/'Ensemble Parameters'!$C$24 -> -0.8333866 | BS82: =BM82*'Ensemble Parameters'!$B$5+BN82*'Ensemble Parameters'!$B$6+BQ82*'Ensemble Parameters'!$B$8+BR82*'Ensemble Parameters'!$B$7 -> -0.85647029 | BT82: ='Ensemble Parameters'!$B$11+'Ensemble Parameters'!$B$12*BS82 -> 91.435297 | BU82: ='Ensemble Parameters'!$B$13*BS82 -> -11.990584 | BV82: =RANK(BT82,$BT$5:$BT$125,0) -> 102 | BW82: =STDEV(BM82,BN82,BQ82,BR82) -> 0.24139652 | BX82: =IF(BW82<'Ensemble Parameters'!$B$14,"High",IF(BW82<'Ensemble Parameters'!$B$15,"Moderate","Low")) -> High | BY82: =IF(BX82="Low","REVIEW — MODEL DISAGREEMENT","") | BZ82: 4
A83: ECL | B83: Cornell | C83: COR | D83: 113 | E83: COR | F83: 20.564448 | G83: 110 | H83: 4.2118133 | I83: 7.9290084 | J83: 2025_POSTERIOR_CARRYOVER | K83: P0_REGRESSED_2025_POSTERIOR | L83: -10.097273 | M83: 89.902727 | N83: 111 | O83: 0.46925714 | P83: -0.49188571 | Q83: Partial — no market input | R83: PASS | S83: 0.310004 | T83: 111 | U83: 0.310004 | V83: 109 | W83: 0.3322 | X83: 113 | Y83: 0.3322 | Z83: 109 | AA83: 0.101 | AB83: 0.5 | AC83: 0.3174 | AD83: 0.425 | AE83: 0.75 | AF83: dropped (ECL) | AG83: 0 | AH83: -2 | AI83: AVAILABLE — exact from 2026_Board_J-B_Run2.xlsx | AJ83: 4.11 | AK83: 4.3 | AL83: 5.18 | AM83: -21.435574 | AN83: 112 | AO83: 12 | AP83: 2025 Baxter fitted rating | AQ83: -15.004902 | AR83: 114 | AS83: -0.34452577 | AT83: -15.349428 | AU83: 115 | AW83: BLOCKED | AX83: No play-by-play/drive efficiency, scoring-opportunity, explosiveness, field-position, havoc, or special-teams results; official SP+ coefficients are unavailable. | AY83: -10.155019 | AZ83: 89.844981 | BA83: 109 | BB83: B | BE83: INITIALIZATION ONLY | BF83: 0.0082913668 | BG83: 60 | BH83: 12 | BI83: 12 | BJ83: 0 | BL83: PARTIAL — TOPOLOGY ONLY | BM83: =(F83-'Ensemble Parameters'!$B$20)/'Ensemble Parameters'!$C$20 -> -1.0517713 | BN83: =(L83-'Ensemble Parameters'!$B$21)/'Ensemble Parameters'!$C$21 -> -1.0584057 | BO83: =(S83-'Ensemble Parameters'!$B$22)/'Ensemble Parameters'!$C$22 -> -1.1710264 | BP83: =(W83-'Ensemble Parameters'!$B$23)/'Ensemble Parameters'!$C$23 -> -1.2252555 | BQ83: =AVERAGE(BO83:BP83) -> -1.198141 | BR83: =(AQ83-'Ensemble Parameters'!$B$24)/'Ensemble Parameters'!$C$24 -> -0.98994888 | BS83: =BM83*'Ensemble Parameters'!$B$5+BN83*'Ensemble Parameters'!$B$6+BQ83*'Ensemble Parameters'!$B$8+BR83*'Ensemble Parameters'!$B$7 -> -1.0745667 | BT83: ='Ensemble Parameters'!$B$11+'Ensemble Parameters'!$B$12*BS83 -> 89.254333 | BU83: ='Ensemble Parameters'!$B$13*BS83 -> -15.043934 | BV83: =RANK(BT83,$BT$5:$BT$125,0) -> 114 | BW83: =STDEV(BM83,BN83,BQ83,BR83) -> 0.087961315 | BX83: =IF(BW83<'Ensemble Parameters'!$B$14,"High",IF(BW83<'Ensemble Parameters'!$B$15,"Moderate","Low")) -> High | BY83: =IF(BX83="Low","REVIEW — MODEL DISAGREEMENT","") | BZ83: 4
A84: ECL | B84: Harvard | C84: HARV | D84: 114 | E84: HARV | F84: 18.094331 | G84: 120 | H84: 4.3714537 | I84: 4.9799693 | J84: 2025_POSTERIOR_CARRYOVER | K84: P0_REGRESSED_2025_POSTERIOR | L84: -9.7143396 | M84: 90.28566 | N84: 108 | O84: 0.4664 | P84: -0.5376 | Q84: Partial — no market input | R84: PASS | S84: 0.291647 | T84: 118 | U84: 0.291647 | V84: 114 | W84: 0.317155 | X84: 117 | Y84: 0.317155 | Z84: 114 | AA84: 0.0623 | AB84: 0.44 | AC84: 0.3174 | AD84: 0.53 | AE84: 0.75 | AF84: dropped (ECL) | AG84: 0 | AH84: -4 | AI84: AVAILABLE — exact from 2026_Board_J-B_Run2.xlsx | AJ84: 3.87 | AK84: 4.13 | AL84: 4.87 | AM84: -18.10733 | AN84: 98 | AO84: 12 | AP84: 2025 Baxter fitted rating | AQ84: -12.675131 | AR84: 100 | AS84: -0.23838349 | AT84: -12.913514 | AU84: 98 | AW84: BLOCKED | AX84: No play-by-play/drive efficiency, scoring-opportunity, explosiveness, field-position, havoc, or special-teams results; official SP+ coefficients are unavailable. | AY84: -9.7720851 | AZ84: 90.227915 | BA84: 104 | BB84: B | BE84: INITIALIZATION ONLY | BF84: 0.0082779655 | BG84: 79 | BH84: 12 | BI84: 12 | BJ84: 0 | BL84: PARTIAL — TOPOLOGY ONLY | BM84: =(F84-'Ensemble Parameters'!$B$20)/'Ensemble Parameters'!$C$20 -> -1.6184046 | BN84: =(L84-'Ensemble Parameters'!$B$21)/'Ensemble Parameters'!$C$21 -> -1.0182662 | BO84: =(S84-'Ensemble Parameters'!$B$22)/'Ensemble Parameters'!$C$22 -> -1.2990415 | BP84: =(W84-'Ensemble Parameters'!$B$23)/'Ensemble Parameters'!$C$23 -> -1.3431403 | BQ84: =AVERAGE(BO84:BP84) -> -1.3210909 | BR84: =(AQ84-'Ensemble Parameters'!$B$24)/'Ensemble Parameters'!$C$24 -> -0.83536037 | BS84: =BM84*'Ensemble Parameters'!$B$5+BN84*'Ensemble Parameters'!$B$6+BQ84*'Ensemble Parameters'!$B$8+BR84*'Ensemble Parameters'!$B$7 -> -1.1982805 | BT84: ='Ensemble Parameters'!$B$11+'Ensemble Parameters'!$B$12*BS84 -> 88.017195 | BU84: ='Ensemble Parameters'!$B$13*BS84 -> -16.775927 | BV84: =RANK(BT84,$BT$5:$BT$125,0) -> 120 | BW84: =STDEV(BM84,BN84,BQ84,BR84) -> 0.34433646 | BX84: =IF(BW84<'Ensemble Parameters'!$B$14,"High",IF(BW84<'Ensemble Parameters'!$B$15,"Moderate","Low")) -> Moderate | BY84: =IF(BX84="Low","REVIEW — MODEL DISAGREEMENT","") | BZ84: 4
A85: ECL | B85: Holy Cross | C85: HC | D85: 115 | E85: HC | F85: 23.863557 | G85: 63 | H85: 4.0704192 | I85: 11.6523 | J85: 2025_POSTERIOR_CARRYOVER | K85: P0_REGRESSED_2025_POSTERIOR | L85: -6.5422483 | M85: 93.457752 | N85: 87 | O85: 0.43630476 | P85: -1.0191238 | Q85: Partial — no market input | R85: PASS | S85: 0.363442 | T85: 94 | U85: 0.363442 | V85: 91 | W85: 0.38008 | X85: 99 | Y85: 0.38008 | Z85: 91 | AA85: 0.2678 | AB85: 0.4 | AC85: 0.3854 | AD85: 0.35 | AE85: 0.75 | AF85: dropped (ECL) | AG85: 3.18 | AH85: -3 | AI85: AVAILABLE — exact from 2026_Board_J-B_Run2.xlsx | AJ85: 5.5 | AK85: 5.55 | AL85: 5.81 | AM85: -11.371667 | AN85: 79 | AO85: 13 | AP85: 2025 Baxter fitted rating | AQ85: -7.9601669 | AR85: 81 | AS85: -1.202455 | AT85: -9.1626219 | AU85: 87 | AW85: BLOCKED | AX85: No play-by-play/drive efficiency, scoring-opportunity, explosiveness, field-position, havoc, or special-teams results; official SP+ coefficients are unavailable. | AY85: -6.5999938 | AZ85: 93.400006 | BA85: 86 | BB85: B | BE85: INITIALIZATION ONLY | BF85: 0.0082705111 | BG85: 87 | BH85: 12 | BI85: 12 | BJ85: 0 | BL85: PARTIAL — TOPOLOGY ONLY | BM85: =(F85-'Ensemble Parameters'!$B$20)/'Ensemble Parameters'!$C$20 -> -0.29497142 | BN85: =(L85-'Ensemble Parameters'!$B$21)/'Ensemble Parameters'!$C$21 -> -0.68576462 | BO85: =(S85-'Ensemble Parameters'!$B$22)/'Ensemble Parameters'!$C$22 -> -0.79836917 | BP85: =(W85-'Ensemble Parameters'!$B$23)/'Ensemble Parameters'!$C$23 -> -0.85009262 | BQ85: =AVERAGE(BO85:BP85) -> -0.82423089 | BR85: =(AQ85-'Ensemble Parameters'!$B$24)/'Ensemble Parameters'!$C$24 -> -0.5225059 | BS85: =BM85*'Ensemble Parameters'!$B$5+BN85*'Ensemble Parameters'!$B$6+BQ85*'Ensemble Parameters'!$B$8+BR85*'Ensemble Parameters'!$B$7 -> -0.58186821 | BT85: ='Ensemble Parameters'!$B$11+'Ensemble Parameters'!$B$12*BS85 -> 94.181318 | BU85: ='Ensemble Parameters'!$B$13*BS85 -> -8.1461549 | BV85: =RANK(BT85,$BT$5:$BT$125,0) -> 80 | BW85: =STDEV(BM85,BN85,BQ85,BR85) -> 0.22757254 | BX85: =IF(BW85<'Ensemble Parameters'!$B$14,"High",IF(BW85<'Ensemble Parameters'!$B$15,"Moderate","Low")) -> High | BY85: =IF(BX85="Low","REVIEW — MODEL DISAGREEMENT","") | BZ85: 4
A86: ECL | B86: Lehigh | C86: LEH | D86: 116 | E86: LEH | F86: 29.601176 | G86: 23 | H86: 4.2334099 | I86: 16.900946 | J86: 2025_POSTERIOR_CARRYOVER | K86: P0_REGRESSED_2025_POSTERIOR | L86: 7.7460143 | M86: 107.74601 | N86: 26 | O86: 0.55973333 | P86: 0.95573333 | Q86: Partial — no market input | R86: PASS | S86: 0.593009 | T86: 27 | U86: 0.593009 | V86: 34 | W86: 0.567195 | X86: 29 | Y86: 0.567195 | Z86: 34 | AA86: 0.6367 | AB86: 0.65 | AC86: 0.3174 | AD86: 0.6 | AE86: 0.75 | AF86: dropped (ECL) | AG86: 0 | AH86: 7 | AI86: AVAILABLE — exact from 2026_Board_J-B_Run2.xlsx | AJ86: 9.71 | AK86: 9.14 | AL86: 8.51 | AM86: 18.000613 | AN86: 23 | AO86: 14 | AP86: 2025 Baxter fitted rating | AQ86: 12.600429 | AR86: 23 | AS86: -1.1826955 | AT86: 11.417733 | AU86: 24 | AW86: BLOCKED | AX86: No play-by-play/drive efficiency, scoring-opportunity, explosiveness, field-position, havoc, or special-teams results; official SP+ coefficients are unavailable. | AY86: 7.6882688 | AZ86: 107.68827 | BA86: 26 | BB86: B | BE86: INITIALIZATION ONLY | BF86: 0.0082582903 | BG86: 100 | BH86: 12 | BI86: 12 | BJ86: 0 | BL86: PARTIAL — TOPOLOGY ONLY | BM86: =(F86-'Ensemble Parameters'!$B$20)/'Ensemble Parameters'!$C$20 -> 1.0212109 | BN86: =(L86-'Ensemble Parameters'!$B$21)/'Ensemble Parameters'!$C$21 -> 0.8119445 | BO86: =(S86-'Ensemble Parameters'!$B$22)/'Ensemble Parameters'!$C$22 -> 0.80254788 | BP86: =(W86-'Ensemble Parameters'!$B$23)/'Ensemble Parameters'!$C$23 -> 0.61604357 | BQ86: =AVERAGE(BO86:BP86) -> 0.70929573 | BR86: =(AQ86-'Ensemble Parameters'!$B$24)/'Ensemble Parameters'!$C$24 -> 0.84176203 | BS86: =BM86*'Ensemble Parameters'!$B$5+BN86*'Ensemble Parameters'!$B$6+BQ86*'Ensemble Parameters'!$B$8+BR86*'Ensemble Parameters'!$B$7 -> 0.8460533 | BT86: ='Ensemble Parameters'!$B$11+'Ensemble Parameters'!$B$12*BS86 -> 108.46053 | BU86: ='Ensemble Parameters'!$B$13*BS86 -> 11.844746 | BV86: =RANK(BT86,$BT$5:$BT$125,0) -> 24 | BW86: =STDEV(BM86,BN86,BQ86,BR86) -> 0.12982637 | BX86: =IF(BW86<'Ensemble Parameters'!$B$14,"High",IF(BW86<'Ensemble Parameters'!$B$15,"Moderate","Low")) -> High | BY86: =IF(BX86="Low","REVIEW — MODEL DISAGREEMENT","") | BZ86: 4
A87: ECL | B87: Penn | C87: PENN | D87: 117 | E87: PENN | F87: 21.106659 | G87: 102 | H87: 4.1810455 | I87: 8.5635228 | J87: 2025_POSTERIOR_CARRYOVER | K87: P0_REGRESSED_2025_POSTERIOR | L87: -5.1725709 | M87: 94.827429 | N87: 83 | O87: 0.40711429 | P87: -1.4861714 | Q87: Partial — no market input | R87: PASS | S87: 0.344614 | T87: 104 | U87: 0.344614 | V87: 98 | W87: 0.34676 | X87: 109 | Y87: 0.34676 | Z87: 98 | AA87: 0.2626 | AB87: 0.43 | AC87: 0.3174 | AD87: 0.52 | AE87: 0.375 | AF87: dropped (ECL) | AG87: 0 | AH87: -6 | AI87: AVAILABLE — exact from 2026_Board_J-B_Run2.xlsx | AJ87: 5.29 | AK87: 5.05 | AL87: 4.09 | AM87: -9.2006788 | AN87: 65 | AO87: 12 | AP87: 2025 Baxter fitted rating | AQ87: -6.4404752 | AR87: 67 | AS87: -1.9269674 | AT87: -8.3674426 | AU87: 83 | AW87: BLOCKED | AX87: No play-by-play/drive efficiency, scoring-opportunity, explosiveness, field-position, havoc, or special-teams results; official SP+ coefficients are unavailable. | AY87: -5.2303163 | AZ87: 94.769684 | BA87: 77 | BB87: B | BE87: INITIALIZATION ONLY | BF87: 0.0082739347 | BG87: 85 | BH87: 12 | BI87: 12 | BJ87: 0 | BL87: PARTIAL — TOPOLOGY ONLY | BM87: =(F87-'Ensemble Parameters'!$B$20)/'Ensemble Parameters'!$C$20 -> -0.9273907 | BN87: =(L87-'Ensemble Parameters'!$B$21)/'Ensemble Parameters'!$C$21 -> -0.54219374 | BO87: =(S87-'Ensemble Parameters'!$B$22)/'Ensemble Parameters'!$C$22 -> -0.92966882 | BP87: =(W87-'Ensemble Parameters'!$B$23)/'Ensemble Parameters'!$C$23 -> -1.1111709 | BQ87: =AVERAGE(BO87:BP87) -> -1.0204198 | BR87: =(AQ87-'Ensemble Parameters'!$B$24)/'Ensemble Parameters'!$C$24 -> -0.421669 | BS87: =BM87*'Ensemble Parameters'!$B$5+BN87*'Ensemble Parameters'!$B$6+BQ87*'Ensemble Parameters'!$B$8+BR87*'Ensemble Parameters'!$B$7 -> -0.72791832 | BT87: ='Ensemble Parameters'!$B$11+'Ensemble Parameters'!$B$12*BS87 -> 92.720817 | BU87: ='Ensemble Parameters'!$B$13*BS87 -> -10.190857 | BV87: =RANK(BT87,$BT$5:$BT$125,0) -> 93 | BW87: =STDEV(BM87,BN87,BQ87,BR87) -> 0.29076258 | BX87: =IF(BW87<'Ensemble Parameters'!$B$14,"High",IF(BW87<'Ensemble Parameters'!$B$15,"Moderate","Low")) -> High | BY87: =IF(BX87="Low","REVIEW — MODEL DISAGREEMENT","") | BZ87: 4
A88: ECL | B88: Princeton | C88: PRIN | D88: 118 | E88: PRIN | F88: 23.972278 | G88: 59 | H88: 4.0208861 | I88: 11.909619 | J88: 2025_POSTERIOR_CARRYOVER | K88: P0_REGRESSED_2025_POSTERIOR | L88: -3.9970319 | M88: 96.002968 | N88: 73 | O88: 0.48449524 | P88: -0.24807619 | Q88: Partial — no market input | R88: PASS | S88: 0.405528 | T88: 78 | U88: 0.405528 | V88: 80 | W88: 0.410515 | X88: 84 | Y88: 0.410515 | Z88: 80 | AA88: 0.3019 | AB88: 0.47 | AC88: 0.3174 | AD88: 0.565 | AE88: 0.75 | AF88: dropped (ECL) | AG88: 0 | AH88: 2 | AI88: AVAILABLE — exact from 2026_Board_J-B_Run2.xlsx | AJ88: 5.77 | AK88: 5.69 | AL88: 5.7 | AM88: -8.4741891 | AN88: 60 | AO88: 13 | AP88: 2025 Baxter fitted rating | AQ88: -5.9319323 | AR88: 62 | AS88: -0.89050119 | AT88: -6.8224335 | AU88: 74 | AW88: BLOCKED | AX88: No play-by-play/drive efficiency, scoring-opportunity, explosiveness, field-position, havoc, or special-teams results; official SP+ coefficients are unavailable. | AY88: -4.0547773 | AZ88: 95.945223 | BA88: 68 | BB88: B | BE88: INITIALIZATION ONLY | BF88: 0.0082807939 | BG88: 75 | BH88: 12 | BI88: 12 | BJ88: 0 | BL88: PARTIAL — TOPOLOGY ONLY | BM88: =(F88-'Ensemble Parameters'!$B$20)/'Ensemble Parameters'!$C$20 -> -0.27003145 | BN88: =(L88-'Ensemble Parameters'!$B$21)/'Ensemble Parameters'!$C$21 -> -0.41897264 | BO88: =(S88-'Ensemble Parameters'!$B$22)/'Ensemble Parameters'!$C$22 -> -0.50487666 | BP88: =(W88-'Ensemble Parameters'!$B$23)/'Ensemble Parameters'!$C$23 -> -0.61161973 | BQ88: =AVERAGE(BO88:BP88) -> -0.55824819 | BR88: =(AQ88-'Ensemble Parameters'!$B$24)/'Ensemble Parameters'!$C$24 -> -0.38792539 | BS88: =BM88*'Ensemble Parameters'!$B$5+BN88*'Ensemble Parameters'!$B$6+BQ88*'Ensemble Parameters'!$B$8+BR88*'Ensemble Parameters'!$B$7 -> -0.40879442 | BT88: ='Ensemble Parameters'!$B$11+'Ensemble Parameters'!$B$12*BS88 -> 95.912056 | BU88: ='Ensemble Parameters'!$B$13*BS88 -> -5.7231219 | BV88: =RANK(BT88,$BT$5:$BT$125,0) -> 70 | BW88: =STDEV(BM88,BN88,BQ88,BR88) -> 0.11850556 | BX88: =IF(BW88<'Ensemble Parameters'!$B$14,"High",IF(BW88<'Ensemble Parameters'!$B$15,"Moderate","Low")) -> High | BY88: =IF(BX88="Low","REVIEW — MODEL DISAGREEMENT","") | BZ88: 4
A89: ECL | B89: Yale | C89: YALE | D89: 119 | E89: YALE | F89: 21.014498 | G89: 104 | H89: 4.0603595 | I89: 8.8334192 | J89: 2025_POSTERIOR_CARRYOVER | K89: P0_REGRESSED_2025_POSTERIOR | L89: -10.921111 | M89: 89.078889 | N89: 116 | O89: 0.4366381 | P89: -1.0137905 | Q89: Partial — no market input | R89: PASS | S89: 0.281804 | T89: 119 | U89: 0.281804 | V89: 110 | W89: 0.29786 | X89: 121 | Y89: 0.29786 | Z89: 110 | AA89: 0.0786 | AB89: 0.52 | AC89: 0.3174 | AD89: 0.495 | AE89: 0.375 | AF89: dropped (ECL) | AG89: 0 | AH89: -9 | AI89: AVAILABLE — exact from 2026_Board_J-B_Run2.xlsx | AJ89: 3.59 | AK89: 3.65 | AL89: 3.71 | AM89: -19.980986 | AN89: 105 | AO89: 12 | AP89: 2025 Baxter fitted rating | AQ89: -13.98669 | AR89: 107 | AS89: -0.88810678 | AT89: -14.874797 | AU89: 112 | AW89: BLOCKED | AX89: No play-by-play/drive efficiency, scoring-opportunity, explosiveness, field-position, havoc, or special-teams results; official SP+ coefficients are unavailable. | AY89: -10.978856 | AZ89: 89.021144 | BA89: 113 | BB89: B | BE89: INITIALIZATION ONLY | BF89: 0.0082693521 | BG89: 88 | BH89: 12 | BI89: 12 | BJ89: 0 | BL89: PARTIAL — TOPOLOGY ONLY | BM89: =(F89-'Ensemble Parameters'!$B$20)/'Ensemble Parameters'!$C$20 -> -0.94853214 | BN89: =(L89-'Ensemble Parameters'!$B$21)/'Ensemble Parameters'!$C$21 -> -1.1447611 | BO89: =(S89-'Ensemble Parameters'!$B$22)/'Ensemble Parameters'!$C$22 -> -1.367683 | BP89: =(W89-'Ensemble Parameters'!$B$23)/'Ensemble Parameters'!$C$23 -> -1.4943259 | BQ89: =AVERAGE(BO89:BP89) -> -1.4310045 | BR89: =(AQ89-'Ensemble Parameters'!$B$24)/'Ensemble Parameters'!$C$24 -> -0.92238695 | BS89: =BM89*'Ensemble Parameters'!$B$5+BN89*'Ensemble Parameters'!$B$6+BQ89*'Ensemble Parameters'!$B$8+BR89*'Ensemble Parameters'!$B$7 -> -1.1116712 | BT89: ='Ensemble Parameters'!$B$11+'Ensemble Parameters'!$B$12*BS89 -> 88.883288 | BU89: ='Ensemble Parameters'!$B$13*BS89 -> -15.563396 | BV89: =RANK(BT89,$BT$5:$BT$125,0) -> 116 | BW89: =STDEV(BM89,BN89,BQ89,BR89) -> 0.23488405 | BX89: =IF(BW89<'Ensemble Parameters'!$B$14,"High",IF(BW89<'Ensemble Parameters'!$B$15,"Moderate","Low")) -> High | BY89: =IF(BX89="Low","REVIEW — MODEL DISAGREEMENT","") | BZ89: 4
A90: Independent | B90: Notre Dame | C90: ND | D90: 120 | E90: ND | F90: 31.768473 | G90: 16 | H90: 4.5297043 | I90: 18.17936 | J90: 2025_POSTERIOR_CARRYOVER | K90: P0_REGRESSED_2025_POSTERIOR | L90: 14.950885 | M90: 114.95089 | N90: 16 | O90: 0.76653333 | P90: 4.2645333 | Q90: Complete | R90: PASS | S90: 0.726512 | T90: 9 | U90: 0.746688 | V90: 10 | W90: 0.72059 | X90: 7 | Y90: 0.74129314 | Z90: 10 | AA90: 0.674 | AB90: 0.7737 | AC90: 0.5726 | AD90: 0.868 | AE90: 1 | AF90: 0.9535 | AG90: 44.7 | AH90: 1 | AI90: AVAILABLE — exact from 2026_Board_J-B_Run2.xlsx | AJ90: 9.31 | AK90: 9.21 | AL90: 9.18 | AM90: 29.822667 | AN90: 20 | AO90: 13 | AP90: 2025 Baxter fitted rating | AQ90: 20.875867 | AR90: 20 | AS90: 1.9934881 | AT90: 22.869355 | AU90: 17 | AW90: BLOCKED | AX90: No play-by-play/drive efficiency, scoring-opportunity, explosiveness, field-position, havoc, or special-teams results; official SP+ coefficients are unavailable. | AY90: 18.52114 | AZ90: 118.52114 | BA90: 13 | BB90: B | BE90: INITIALIZATION ONLY | BF90: 0.0082906949 | BG90: 61 | BH90: 12 | BI90: 12 | BJ90: 0 | BL90: PARTIAL — TOPOLOGY ONLY | BM90: =(F90-'Ensemble Parameters'!$B$20)/'Ensemble Parameters'!$C$20 -> 1.5183788 | BN90: =(L90-'Ensemble Parameters'!$B$21)/'Ensemble Parameters'!$C$21 -> 1.5671658 | BO90: =(S90-'Ensemble Parameters'!$B$22)/'Ensemble Parameters'!$C$22 -> 1.7335494 | BP90: =(W90-'Ensemble Parameters'!$B$23)/'Ensemble Parameters'!$C$23 -> 1.8179673 | BQ90: =AVERAGE(BO90:BP90) -> 1.7757584 | BR90: =(AQ90-'Ensemble Parameters'!$B$24)/'Ensemble Parameters'!$C$24 -> 1.3908665 | BS90: =BM90*'Ensemble Parameters'!$B$5+BN90*'Ensemble Parameters'!$B$6+BQ90*'Ensemble Parameters'!$B$8+BR90*'Ensemble Parameters'!$B$7 -> 1.5630424 | BT90: ='Ensemble Parameters'!$B$11+'Ensemble Parameters'!$B$12*BS90 -> 115.63042 | BU90: ='Ensemble Parameters'!$B$13*BS90 -> 21.882593 | BV90: =RANK(BT90,$BT$5:$BT$125,0) -> 15 | BW90: =STDEV(BM90,BN90,BQ90,BR90) -> 0.16010878 | BX90: =IF(BW90<'Ensemble Parameters'!$B$14,"High",IF(BW90<'Ensemble Parameters'!$B$15,"Moderate","Low")) -> High | BY90: =IF(BX90="Low","REVIEW — MODEL DISAGREEMENT","") | BZ90: 4
A91: Independent | B91: UConn | C91: UConn | D91: 121 | E91: UConn | F91: 28.544037 | G91: 28 | H91: 4.2103794 | I91: 15.912899 | J91: 2025_POSTERIOR_CARRYOVER | K91: P0_REGRESSED_2025_POSTERIOR | L91: -3.6237864 | M91: 96.376214 | N91: 68 | O91: 0.36612381 | P91: -2.142019 | Q91: Complete | R91: PASS | S91: 0.414855 | T91: 71 | U91: 0.42101 | V91: 82 | W91: 0.41451 | X91: 79 | Y91: 0.42069579 | Z91: 82 | AA91: 0.4788 | AB91: 0.2834 | AC91: 0.4534 | AD91: 0.394 | AE91: 0.375 | AF91: 0.4841 | AG91: 12.71 | AH91: 11 | AI91: AVAILABLE — exact from 2026_Board_J-B_Run2.xlsx | AJ91: 6.59 | AK91: 6.25 | AL91: 4.44 | AM91: -3.4264085 | AN91: 46 | AO91: 13 | AP91: 2025 Baxter fitted rating | AQ91: -2.3984859 | AR91: 46 | AS91: -2.9046825 | AT91: -5.3031684 | AU91: 57 | AW91: BLOCKED | AX91: No play-by-play/drive efficiency, scoring-opportunity, explosiveness, field-position, havoc, or special-teams results; official SP+ coefficients are unavailable. | AY91: -3.8087319 | AZ91: 96.191268 | BA91: 67 | BB91: B | BE91: INITIALIZATION ONLY | BF91: 0.0082927307 | BG91: 57 | BH91: 12 | BI91: 12 | BJ91: 0 | BL91: PARTIAL — TOPOLOGY ONLY | BM91: =(F91-'Ensemble Parameters'!$B$20)/'Ensemble Parameters'!$C$20 -> 0.77870845 | BN91: =(L91-'Ensemble Parameters'!$B$21)/'Ensemble Parameters'!$C$21 -> -0.3798487 | BO91: =(S91-'Ensemble Parameters'!$B$22)/'Ensemble Parameters'!$C$22 -> -0.43983355 | BP91: =(W91-'Ensemble Parameters'!$B$23)/'Ensemble Parameters'!$C$23 -> -0.58031698 | BQ91: =AVERAGE(BO91:BP91) -> -0.51007526 | BR91: =(AQ91-'Ensemble Parameters'!$B$24)/'Ensemble Parameters'!$C$24 -> -0.15346878 | BS91: =BM91*'Ensemble Parameters'!$B$5+BN91*'Ensemble Parameters'!$B$6+BQ91*'Ensemble Parameters'!$B$8+BR91*'Ensemble Parameters'!$B$7 -> -0.066171071 | BT91: ='Ensemble Parameters'!$B$11+'Ensemble Parameters'!$B$12*BS91 -> 99.338289 | BU91: ='Ensemble Parameters'!$B$13*BS91 -> -0.926395 | BV91: =RANK(BT91,$BT$5:$BT$125,0) -> 47 | BW91: =STDEV(BM91,BN91,BQ91,BR91) -> 0.58220468 | BX91: =IF(BW91<'Ensemble Parameters'!$B$14,"High",IF(BW91<'Ensemble Parameters'!$B$15,"Moderate","Low")) -> Moderate | BY91: =IF(BX91="Low","REVIEW — MODEL DISAGREEMENT","") | BZ91: 4
A92: Mountain West | B92: Air Force | C92: AF | D92: 76 | E92: AF | F92: 22.106588 | G92: 86 | H92: 4.1118568 | I92: 9.7710177 | J92: 2025_POSTERIOR_CARRYOVER | K92: P0_REGRESSED_2025_POSTERIOR | L92: -8.2457275 | M92: 91.754273 | N92: 95 | O92: 0.54795294 | P92: 0.76724706 | Q92: Complete | R92: PASS | S92: 0.354465 | T92: 92 | U92: 0.367694 | V92: 85 | W92: 0.37276111 | X92: 94 | Y92: 0.38436458 | Z92: 85 | AA92: 0.1489 | AB92: 0.6451 | AC92: 0.3174 | AE92: 0.75 | AF92: 0.5033 | AG92: 0 | AH92: -7 | AI92: AVAILABLE — exact from 2026_Board_J-B_Run2.xlsx | AJ92: 5.28 | AK92: 5.34 | AL92: 6.57 | AM92: -20.399161 | AN92: 108 | AO92: 12 | AP92: 2025 Baxter fitted rating | AQ92: -14.279413 | AR92: 110 | AS92: 0.041963719 | AT92: -14.237449 | AU92: 109 | AW92: BLOCKED | AX92: No play-by-play/drive efficiency, scoring-opportunity, explosiveness, field-position, havoc, or special-teams results; official SP+ coefficients are unavailable. | AY92: -8.2770729 | AZ92: 91.722927 | BA92: 95 | BB92: B | BE92: INITIALIZATION ONLY | BF92: 0.008333083 | BG92: 18 | BH92: 12 | BI92: 12 | BJ92: 0 | BL92: PARTIAL — TOPOLOGY ONLY | BM92: =(F92-'Ensemble Parameters'!$B$20)/'Ensemble Parameters'!$C$20 -> -0.69801178 | BN92: =(L92-'Ensemble Parameters'!$B$21)/'Ensemble Parameters'!$C$21 -> -0.8643249 | BO92: =(S92-'Ensemble Parameters'!$B$22)/'Ensemble Parameters'!$C$22 -> -0.86097152 | BP92: =(W92-'Ensemble Parameters'!$B$23)/'Ensemble Parameters'!$C$23 -> -0.90743964 | BQ92: =AVERAGE(BO92:BP92) -> -0.88420558 | BR92: =(AQ92-'Ensemble Parameters'!$B$24)/'Ensemble Parameters'!$C$24 -> -0.9418101 | BS92: =BM92*'Ensemble Parameters'!$B$5+BN92*'Ensemble Parameters'!$B$6+BQ92*'Ensemble Parameters'!$B$8+BR92*'Ensemble Parameters'!$B$7 -> -0.84708809 | BT92: ='Ensemble Parameters'!$B$11+'Ensemble Parameters'!$B$12*BS92 -> 91.529119 | BU92: ='Ensemble Parameters'!$B$13*BS92 -> -11.859233 | BV92: =RANK(BT92,$BT$5:$BT$125,0) -> 101 | BW92: =STDEV(BM92,BN92,BQ92,BR92) -> 0.10467541 | BX92: =IF(BW92<'Ensemble Parameters'!$B$14,"High",IF(BW92<'Ensemble Parameters'!$B$15,"Moderate","Low")) -> High | BY92: =IF(BX92="Low","REVIEW — MODEL DISAGREEMENT","") | BZ92: 4
A93: Mountain West | B93: Hawaii | C93: HAW | D93: 77 | E93: HAW | F93: 21.203917 | G93: 101 | H93: 4.0644673 | I93: 9.0105154 | J93: 2025_POSTERIOR_CARRYOVER | K93: P0_REGRESSED_2025_POSTERIOR | L93: -7.9896459 | M93: 92.010354 | N93: 94 | O93: 0.51037143 | P93: 0.16594286 | Q93: Complete | R93: PASS | S93: 0.358853 | T93: 88 | U93: 0.379427 | V93: 88 | W93: 0.386625 | X93: 86 | Y93: 0.40472947 | Z93: 88 | AA93: 0.16 | AB93: 0.5509 | AC93: 0.4393 | AD93: 0.3562 | AE93: 0.75 | AF93: 0.5903 | AG93: 10.2 | AH93: 0 | AI93: AVAILABLE — exact from 2026_Board_J-B_Run2.xlsx | AJ93: 5.38 | AK93: 5.55 | AL93: 6.21 | AM93: -17.215664 | AN93: 92 | AO93: 12 | AP93: 2025 Baxter fitted rating | AQ93: -12.050964 | AR93: 94 | AS93: 0.23690807 | AT93: -11.814056 | AU93: 93 | AW93: BLOCKED | AX93: No play-by-play/drive efficiency, scoring-opportunity, explosiveness, field-position, havoc, or special-teams results; official SP+ coefficients are unavailable. | AY93: -7.3249914 | AZ93: 92.675009 | BA93: 89 | BB93: B | BE93: INITIALIZATION ONLY | BF93: 0.0083364124 | BG93: 15 | BH93: 12 | BI93: 12 | BJ93: 0 | BL93: PARTIAL — TOPOLOGY ONLY | BM93: =(F93-'Ensemble Parameters'!$B$20)/'Ensemble Parameters'!$C$20 -> -0.90508012 | BN93: =(L93-'Ensemble Parameters'!$B$21)/'Ensemble Parameters'!$C$21 -> -0.83748219 | BO93: =(S93-'Ensemble Parameters'!$B$22)/'Ensemble Parameters'!$C$22 -> -0.8303712 | BP93: =(W93-'Ensemble Parameters'!$B$23)/'Ensemble Parameters'!$C$23 -> -0.79880939 | BQ93: =AVERAGE(BO93:BP93) -> -0.81459029 | BR93: =(AQ93-'Ensemble Parameters'!$B$24)/'Ensemble Parameters'!$C$24 -> -0.79394472 | BS93: =BM93*'Ensemble Parameters'!$B$5+BN93*'Ensemble Parameters'!$B$6+BQ93*'Ensemble Parameters'!$B$8+BR93*'Ensemble Parameters'!$B$7 -> -0.83777433 | BT93: ='Ensemble Parameters'!$B$11+'Ensemble Parameters'!$B$12*BS93 -> 91.622257 | BU93: ='Ensemble Parameters'!$B$13*BS93 -> -11.728841 | BV93: =RANK(BT93,$BT$5:$BT$125,0) -> 99 | BW93: =STDEV(BM93,BN93,BQ93,BR93) -> 0.048265546 | BX93: =IF(BW93<'Ensemble Parameters'!$B$14,"High",IF(BW93<'Ensemble Parameters'!$B$15,"Moderate","Low")) -> High | BY93: =IF(BX93="Low","REVIEW — MODEL DISAGREEMENT","") | BZ93: 4
A94: Mountain West | B94: Nevada | C94: NEV | D94: 78 | E94: NEV | F94: 24.368116 | G94: 54 | H94: 3.9408646 | I94: 12.545522 | J94: 2025_POSTERIOR_CARRYOVER | K94: P0_REGRESSED_2025_POSTERIOR | L94: -7.2110923 | M94: 92.788908 | N94: 90 | O94: 0.48446667 | P94: -0.24853333 | Q94: Complete | R94: PASS | S94: 0.390175 | T94: 86 | U94: 0.384319 | V94: 94 | W94: 0.410645 | X94: 88 | Y94: 0.40296988 | Z94: 94 | AA94: 0.2664 | AB94: 0.4596 | AC94: 0.4431 | AD94: 0.3971 | AE94: 0.75 | AF94: 0.3243 | AG94: 10.86 | AH94: 8 | AI94: AVAILABLE — exact from 2026_Board_J-B_Run2.xlsx | AJ94: 6.01 | AK94: 5.98 | AL94: 5.97 | AM94: -14.422893 | AN94: 87 | AO94: 13 | AP94: 2025 Baxter fitted rating | AQ94: -10.096025 | AR94: 89 | AS94: -0.46430636 | AT94: -10.560331 | AU94: 89 | AW94: BLOCKED | AX94: No play-by-play/drive efficiency, scoring-opportunity, explosiveness, field-position, havoc, or special-teams results; official SP+ coefficients are unavailable. | AY94: -8.6744377 | AZ94: 91.325562 | BA94: 97 | BB94: B | BE94: INITIALIZATION ONLY | BF94: 0.0083327929 | BG94: 19 | BH94: 12 | BI94: 12 | BJ94: 0 | BL94: PARTIAL — TOPOLOGY ONLY | BM94: =(F94-'Ensemble Parameters'!$B$20)/'Ensemble Parameters'!$C$20 -> -0.17922809 | BN94: =(L94-'Ensemble Parameters'!$B$21)/'Ensemble Parameters'!$C$21 -> -0.75587347 | BO94: =(S94-'Ensemble Parameters'!$B$22)/'Ensemble Parameters'!$C$22 -> -0.61194292 | BP94: =(W94-'Ensemble Parameters'!$B$23)/'Ensemble Parameters'!$C$23 -> -0.61060111 | BQ94: =AVERAGE(BO94:BP94) -> -0.61127202 | BR94: =(AQ94-'Ensemble Parameters'!$B$24)/'Ensemble Parameters'!$C$24 -> -0.6642276 | BS94: =BM94*'Ensemble Parameters'!$B$5+BN94*'Ensemble Parameters'!$B$6+BQ94*'Ensemble Parameters'!$B$8+BR94*'Ensemble Parameters'!$B$7 -> -0.55265029 | BT94: ='Ensemble Parameters'!$B$11+'Ensemble Parameters'!$B$12*BS94 -> 94.473497 | BU94: ='Ensemble Parameters'!$B$13*BS94 -> -7.7371041 | BV94: =RANK(BT94,$BT$5:$BT$125,0) -> 77 | BW94: =STDEV(BM94,BN94,BQ94,BR94) -> 0.2560142 | BX94: =IF(BW94<'Ensemble Parameters'!$B$14,"High",IF(BW94<'Ensemble Parameters'!$B$15,"Moderate","Low")) -> High | BY94: =IF(BX94="Low","REVIEW — MODEL DISAGREEMENT","") | BZ94: 4
A95: Mountain West | B95: New Mexico | C95: NM | D95: 79 | E95: NM | F95: 22.721572 | G95: 76 | H95: 3.9700486 | I95: 10.811426 | J95: 2025_POSTERIOR_CARRYOVER | K95: P0_REGRESSED_2025_POSTERIOR | L95: -6.8396138 | M95: 93.160386 | N95: 88 | O95: 0.58181905 | P95: 1.3091048 | Q95: Complete | R95: PASS | S95: 0.420471 | T95: 68 | U95: 0.428393 | V95: 70 | W95: 0.4412 | X95: 67 | Y95: 0.44728001 | Z95: 70 | AA95: 0.2087 | AB95: 0.6985 | AC95: 0.4395 | AD95: 0.4358 | AE95: 0.75 | AF95: 0.5096 | AG95: 10.24 | AH95: 2 | AI95: AVAILABLE — exact from 2026_Board_J-B_Run2.xlsx | AJ95: 6.33 | AK95: 6.33 | AL95: 6.95 | AM95: -17.214922 | AN95: 91 | AO95: 12 | AP95: 2025 Baxter fitted rating | AQ95: -12.050446 | AR95: 93 | AS95: 0.94464875 | AT95: -11.105797 | AU95: 90 | AW95: BLOCKED | AX95: No play-by-play/drive efficiency, scoring-opportunity, explosiveness, field-position, havoc, or special-teams results; official SP+ coefficients are unavailable. | AY95: -6.8205593 | AZ95: 93.179441 | BA95: 88 | BB95: B | BE95: INITIALIZATION ONLY | BF95: 0.0083354337 | BG95: 17 | BH95: 12 | BI95: 12 | BJ95: 0 | BL95: PARTIAL — TOPOLOGY ONLY | BM95: =(F95-'Ensemble Parameters'!$B$20)/'Ensemble Parameters'!$C$20 -> -0.55693732 | BN95: =(L95-'Ensemble Parameters'!$B$21)/'Ensemble Parameters'!$C$21 -> -0.71693475 | BO95: =(S95-'Ensemble Parameters'!$B$22)/'Ensemble Parameters'!$C$22 -> -0.4006696 | BP95: =(W95-'Ensemble Parameters'!$B$23)/'Ensemble Parameters'!$C$23 -> -0.37118797 | BQ95: =AVERAGE(BO95:BP95) -> -0.38592878 | BR95: =(AQ95-'Ensemble Parameters'!$B$24)/'Ensemble Parameters'!$C$24 -> -0.7939103 | BS95: =BM95*'Ensemble Parameters'!$B$5+BN95*'Ensemble Parameters'!$B$6+BQ95*'Ensemble Parameters'!$B$8+BR95*'Ensemble Parameters'!$B$7 -> -0.61342779 | BT95: ='Ensemble Parameters'!$B$11+'Ensemble Parameters'!$B$12*BS95 -> 93.865722 | BU95: ='Ensemble Parameters'!$B$13*BS95 -> -8.587989 | BV95: =RANK(BT95,$BT$5:$BT$125,0) -> 81 | BW95: =STDEV(BM95,BN95,BQ95,BR95) -> 0.18095543 | BX95: =IF(BW95<'Ensemble Parameters'!$B$14,"High",IF(BW95<'Ensemble Parameters'!$B$15,"Moderate","Low")) -> High | BY95: =IF(BX95="Low","REVIEW — MODEL DISAGREEMENT","") | BZ95: 4
A96: Mountain West | B96: North Dakota State | C96: NDSU | D96: 80 | E96: NDSU | F96: 25 | G96: 49 | H96: 8.3333333 | I96: 0 | J96: POPULATION_PRIOR_NO_2025_EVIDENCE | K96: P0_POPULATION_PRIOR | L96: -4.0589852 | M96: 95.941015 | N96: 74 | O96: 0.4826 | P96: -0.2784 | Q96: Partial — no market input | R96: PASS | S96: 0.40043 | T96: 79 | U96: 0.403423 | V96: 76 | W96: 0.411415 | X96: 81 | Y96: 0.41343145 | Z96: 76 | AA96: 0.2926 | AB96: 0.4785 | AC96: 0.3689 | AD96: 0.4608 | AE96: 0.75 | AF96: 0.4341 | AG96: 1.82 | AH96: -5 | AI96: AVAILABLE — exact from 2026_Board_J-B_Run2.xlsx | AJ96: 5.76 | AK96: 5.63 | AL96: 5.65 | AM96: -7.3974321 | AO96: 0 | AP96: Imputed new entrant from Baxter~Board J baseline regression | AQ96: -5.1782025 | AR96: 58 | AS96: -0.75841026 | AT96: -5.9366127 | AU96: 67 | AW96: BLOCKED | AX96: No play-by-play/drive efficiency, scoring-opportunity, explosiveness, field-position, havoc, or special-teams results; official SP+ coefficients are unavailable. | AY96: -4.1167307 | AZ96: 95.883269 | BA96: 70 | BB96: D | BE96: INITIALIZATION ONLY | BF96: 0.0083176732 | BG96: 30 | BH96: 12 | BI96: 12 | BJ96: 0 | BL96: PARTIAL — TOPOLOGY ONLY | BM96: =(F96-'Ensemble Parameters'!$B$20)/'Ensemble Parameters'!$C$20 -> -0.034276844 | BN96: =(L96-'Ensemble Parameters'!$B$21)/'Ensemble Parameters'!$C$21 -> -0.42546665 | BO96: =(S96-'Ensemble Parameters'!$B$22)/'Ensemble Parameters'!$C$22 -> -0.54042827 | BP96: =(W96-'Ensemble Parameters'!$B$23)/'Ensemble Parameters'!$C$23 -> -0.60456779 | BQ96: =AVERAGE(BO96:BP96) -> -0.57249803 | BR96: =(AQ96-'Ensemble Parameters'!$B$24)/'Ensemble Parameters'!$C$24 -> -0.33791276 | BS96: =BM96*'Ensemble Parameters'!$B$5+BN96*'Ensemble Parameters'!$B$6+BQ96*'Ensemble Parameters'!$B$8+BR96*'Ensemble Parameters'!$B$7 -> -0.34253857 | BT96: ='Ensemble Parameters'!$B$11+'Ensemble Parameters'!$B$12*BS96 -> 96.574614 | BU96: ='Ensemble Parameters'!$B$13*BS96 -> -4.79554 | BV96: =RANK(BT96,$BT$5:$BT$125,0) -> 64 | BW96: =STDEV(BM96,BN96,BQ96,BR96) -> 0.22716008 | BX96: =IF(BW96<'Ensemble Parameters'!$B$14,"High",IF(BW96<'Ensemble Parameters'!$B$15,"Moderate","Low")) -> High | BY96: =IF(BX96="Low","REVIEW — MODEL DISAGREEMENT","") | BZ96: 4
A97: Mountain West | B97: Northern Illinois | C97: NIU | D97: 81 | E97: NIU | F97: 25 | G97: 49 | H97: 8.3333333 | I97: 0 | J97: POPULATION_PRIOR_NO_2025_EVIDENCE | K97: P0_POPULATION_PRIOR | L97: -4.0719376 | M97: 95.928062 | N97: 75 | O97: 0.48179048 | P97: -0.29135238 | Q97: Partial — imputed 2025 base | R97: PASS | S97: 0.399984 | T97: 84 | U97: 0.387674 | V97: 93 | W97: 0.41756 | X97: 87 | Y97: 0.40368798 | Z97: 93 | AA97: 0.2926 | AB97: 0.448 | AC97: 0.4346 | AD97: 0.419 | AE97: 0.75 | AF97: 0.2615 | AG97: 9.44 | AH97: 9 | AI97: AVAILABLE — exact from 2026_Board_J-B_Run2.xlsx | AJ97: 5.81 | AK97: 5.77 | AL97: 5.63 | AM97: -7.3974321 | AO97: 0 | AP97: Imputed new entrant from Baxter~Board J baseline regression | AQ97: -5.1782025 | AR97: 59 | AS97: -0.61336254 | AT97: -5.791565 | AU97: 63 | AW97: BLOCKED | AX97: No play-by-play/drive efficiency, scoring-opportunity, explosiveness, field-position, havoc, or special-teams results; official SP+ coefficients are unavailable. | AY97: -6.0376831 | AZ97: 93.962317 | BA97: 81 | BB97: D | BE97: INITIALIZATION ONLY | BF97: 0.0083280409 | BG97: 22 | BH97: 12 | BI97: 12 | BJ97: 0 | BL97: PARTIAL — TOPOLOGY ONLY | BM97: =(F97-'Ensemble Parameters'!$B$20)/'Ensemble Parameters'!$C$20 -> -0.034276844 | BN97: =(L97-'Ensemble Parameters'!$B$21)/'Ensemble Parameters'!$C$21 -> -0.42682433 | BO97: =(S97-'Ensemble Parameters'!$B$22)/'Ensemble Parameters'!$C$22 -> -0.54353851 | BP97: =(W97-'Ensemble Parameters'!$B$23)/'Ensemble Parameters'!$C$23 -> -0.55641876 | BQ97: =AVERAGE(BO97:BP97) -> -0.54997863 | BR97: =(AQ97-'Ensemble Parameters'!$B$24)/'Ensemble Parameters'!$C$24 -> -0.33791276 | BS97: =BM97*'Ensemble Parameters'!$B$5+BN97*'Ensemble Parameters'!$B$6+BQ97*'Ensemble Parameters'!$B$8+BR97*'Ensemble Parameters'!$B$7 -> -0.33724814 | BT97: ='Ensemble Parameters'!$B$11+'Ensemble Parameters'!$B$12*BS97 -> 96.627519 | BU97: ='Ensemble Parameters'!$B$13*BS97 -> -4.721474 | BV97: =RANK(BT97,$BT$5:$BT$125,0) -> 62 | BW97: =STDEV(BM97,BN97,BQ97,BR97) -> 0.21990165 | BX97: =IF(BW97<'Ensemble Parameters'!$B$14,"High",IF(BW97<'Ensemble Parameters'!$B$15,"Moderate","Low")) -> High | BY97: =IF(BX97="Low","REVIEW — MODEL DISAGREEMENT","") | BZ97: 4
A98: Mountain West | B98: San Jose State | C98: SJSU | D98: 82 | E98: SJSU | F98: 23.019158 | G98: 70 | H98: 4.1543794 | I98: 10.55602 | J98: 2025_POSTERIOR_CARRYOVER | K98: P0_REGRESSED_2025_POSTERIOR | L98: -9.5663777 | M98: 90.433622 | N98: 106 | O98: 0.40041905 | P98: -1.5932952 | Q98: Complete | R98: PASS | S98: 0.31587 | T98: 108 | U98: 0.32717 | V98: 111 | W98: 0.344825 | X98: 105 | Y98: 0.35355168 | Z98: 111 | AA98: 0.2049 | AB98: 0.2348 | AC98: 0.4414 | AD98: 0.408 | AE98: 0.75 | AF98: 0.443 | AG98: 10.56 | AH98: 3 | AI98: AVAILABLE — exact from 2026_Board_J-B_Run2.xlsx | AJ98: 5.39 | AK98: 5.54 | AL98: 5.27 | AM98: -17.974678 | AN98: 95 | AO98: 12 | AP98: 2025 Baxter fitted rating | AQ98: -12.582274 | AR98: 97 | AS98: -1.2849123 | AT98: -13.867187 | AU98: 108 | AW98: BLOCKED | AX98: No play-by-play/drive efficiency, scoring-opportunity, explosiveness, field-position, havoc, or special-teams results; official SP+ coefficients are unavailable. | AY98: -10.080123 | AZ98: 89.919877 | BA98: 108 | BB98: B | BE98: INITIALIZATION ONLY | BF98: 0.0071789508 | BG98: 119 | BH98: 12 | BI98: 10 | BJ98: 2 | BL98: PARTIAL — TOPOLOGY ONLY | BM98: =(F98-'Ensemble Parameters'!$B$20)/'Ensemble Parameters'!$C$20 -> -0.48867258 | BN98: =(L98-'Ensemble Parameters'!$B$21)/'Ensemble Parameters'!$C$21 -> -1.0027567 | BO98: =(S98-'Ensemble Parameters'!$B$22)/'Ensemble Parameters'!$C$22 -> -1.1301191 | BP98: =(W98-'Ensemble Parameters'!$B$23)/'Ensemble Parameters'!$C$23 -> -1.1263325 | BQ98: =AVERAGE(BO98:BP98) -> -1.1282258 | BR98: =(AQ98-'Ensemble Parameters'!$B$24)/'Ensemble Parameters'!$C$24 -> -0.82919901 | BS98: =BM98*'Ensemble Parameters'!$B$5+BN98*'Ensemble Parameters'!$B$6+BQ98*'Ensemble Parameters'!$B$8+BR98*'Ensemble Parameters'!$B$7 -> -0.86221352 | BT98: ='Ensemble Parameters'!$B$11+'Ensemble Parameters'!$B$12*BS98 -> 91.377865 | BU98: ='Ensemble Parameters'!$B$13*BS98 -> -12.070989 | BV98: =RANK(BT98,$BT$5:$BT$125,0) -> 103 | BW98: =STDEV(BM98,BN98,BQ98,BR98) -> 0.27757144 | BX98: =IF(BW98<'Ensemble Parameters'!$B$14,"High",IF(BW98<'Ensemble Parameters'!$B$15,"Moderate","Low")) -> High | BY98: =IF(BX98="Low","REVIEW — MODEL DISAGREEMENT","") | BZ98: 4
A99: Mountain West | B99: UNLV | C99: UNLV | D99: 83 | E99: UNLV | F99: 21.977496 | G99: 88 | H99: 4.1284544 | I99: 9.5921326 | J99: 2025_POSTERIOR_CARRYOVER | K99: P0_REGRESSED_2025_POSTERIOR | L99: -10.059575 | M99: 89.940425 | N99: 110 | O99: 0.4965619 | P99: -0.055009524 | Q99: Complete | R99: PASS | S99: 0.329835 | T99: 101 | U99: 0.352792 | V99: 99 | W99: 0.363285 | X99: 95 | Y99: 0.38326858 | Z99: 99 | AA99: 0.111 | AB99: 0.3773 | AC99: 0.4499 | AD99: 0.615 | AE99: 0.75 | AF99: 0.5881 | AG99: 12.06 | AH99: -2 | AI99: AVAILABLE — exact from 2026_Board_J-B_Run2.xlsx | AJ99: 4.75 | AK99: 5.03 | AL99: 5.32 | AM99: -20.112036 | AN99: 107 | AO99: 12 | AP99: 2025 Baxter fitted rating | AQ99: -14.078425 | AR99: 109 | AS99: 0.27001984 | AT99: -13.808405 | AU99: 107 | AW99: BLOCKED | AX99: No play-by-play/drive efficiency, scoring-opportunity, explosiveness, field-position, havoc, or special-teams results; official SP+ coefficients are unavailable. | AY99: -9.4125202 | AZ99: 90.58748 | BA99: 101 | BB99: B | BE99: INITIALIZATION ONLY | BF99: 0.0083355917 | BG99: 16 | BH99: 12 | BI99: 12 | BJ99: 0 | BL99: PARTIAL — TOPOLOGY ONLY | BM99: =(F99-'Ensemble Parameters'!$B$20)/'Ensemble Parameters'!$C$20 -> -0.72762494 | BN99: =(L99-'Ensemble Parameters'!$B$21)/'Ensemble Parameters'!$C$21 -> -1.0544541 | BO99: =(S99-'Ensemble Parameters'!$B$22)/'Ensemble Parameters'!$C$22 -> -1.0327322 | BP99: =(W99-'Ensemble Parameters'!$B$23)/'Ensemble Parameters'!$C$23 -> -0.98168953 | BQ99: =AVERAGE(BO99:BP99) -> -1.0072109 | BR99: =(AQ99-'Ensemble Parameters'!$B$24)/'Ensemble Parameters'!$C$24 -> -0.92847388 | BS99: =BM99*'Ensemble Parameters'!$B$5+BN99*'Ensemble Parameters'!$B$6+BQ99*'Ensemble Parameters'!$B$8+BR99*'Ensemble Parameters'!$B$7 -> -0.92944094 | BT99: ='Ensemble Parameters'!$B$11+'Ensemble Parameters'!$B$12*BS99 -> 90.705591 | BU99: ='Ensemble Parameters'!$B$13*BS99 -> -13.012173 | BV99: =RANK(BT99,$BT$5:$BT$125,0) -> 108 | BW99: =STDEV(BM99,BN99,BQ99,BR99) -> 0.14423023 | BX99: =IF(BW99<'Ensemble Parameters'!$B$14,"High",IF(BW99<'Ensemble Parameters'!$B$15,"Moderate","Low")) -> High | BY99: =IF(BX99="Low","REVIEW — MODEL DISAGREEMENT","") | BZ99: 4
A100: Mountain West | B100: UTEP | C100: UTEP | D100: 84 | E100: UTEP | F100: 19.953088 | G100: 117 | H100: 4.1619961 | I100: 7.4671 | J100: 2025_POSTERIOR_CARRYOVER | K100: P0_REGRESSED_2025_POSTERIOR | L100: -10.632403 | M100: 89.367597 | N100: 115 | O100: 0.48870476 | P100: -0.18072381 | Q100: Complete | R100: PASS | S100: 0.300377 | T100: 117 | U100: 0.295677 | V100: 121 | W100: 0.33798 | X100: 114 | Y100: 0.32993732 | Z100: 121 | AA100: 0.0532 | AB100: 0.3766 | AC100: 0.4404 | AD100: 0.5894 | AE100: 0.75 | AF100: 0.2475 | AG100: 10.39 | AH100: 4 | AI100: AVAILABLE — exact from 2026_Board_J-B_Run2.xlsx | AJ100: 3.88 | AK100: 4.16 | AL100: 4.49 | AM100: -22.277127 | AN100: 116 | AO100: 12 | AP100: 2025 Baxter fitted rating | AQ100: -15.593989 | AR100: 118 | AS100: 0.36163704 | AT100: -15.232352 | AU100: 114 | AW100: BLOCKED | AX100: No play-by-play/drive efficiency, scoring-opportunity, explosiveness, field-position, havoc, or special-teams results; official SP+ coefficients are unavailable. | AY100: -12.710149 | AZ100: 87.289851 | BA100: 117 | BB100: B | BE100: INITIALIZATION ONLY | BF100: 0.008362601 | BG100: 9 | BH100: 12 | BI100: 12 | BJ100: 0 | BL100: PARTIAL — TOPOLOGY ONLY | BM100: =(F100-'Ensemble Parameters'!$B$20)/'Ensemble Parameters'!$C$20 -> -1.1920143 | BN100: =(L100-'Ensemble Parameters'!$B$21)/'Ensemble Parameters'!$C$21 -> -1.1144985 | BO100: =(S100-'Ensemble Parameters'!$B$22)/'Ensemble Parameters'!$C$22 -> -1.2381616 | BP100: =(W100-'Ensemble Parameters'!$B$23)/'Ensemble Parameters'!$C$23 -> -1.1799664 | BQ100: =AVERAGE(BO100:BP100) -> -1.209064 | BR100: =(AQ100-'Ensemble Parameters'!$B$24)/'Ensemble Parameters'!$C$24 -> -1.0290369 | BS100: =BM100*'Ensemble Parameters'!$B$5+BN100*'Ensemble Parameters'!$B$6+BQ100*'Ensemble Parameters'!$B$8+BR100*'Ensemble Parameters'!$B$7 -> -1.1361534 | BT100: ='Ensemble Parameters'!$B$11+'Ensemble Parameters'!$B$12*BS100 -> 88.638466 | BU100: ='Ensemble Parameters'!$B$13*BS100 -> -15.906148 | BV100: =RANK(BT100,$BT$5:$BT$125,0) -> 118 | BW100: =STDEV(BM100,BN100,BQ100,BR100) -> 0.082420249 | BX100: =IF(BW100<'Ensemble Parameters'!$B$14,"High",IF(BW100<'Ensemble Parameters'!$B$15,"Moderate","Low")) -> High | BY100: =IF(BX100="Low","REVIEW — MODEL DISAGREEMENT","") | BZ100: 4
A101: Mountain West | B101: Wyoming | C101: WYO | D101: 85 | E101: WYO | F101: 23.750564 | G101: 65 | H101: 3.84744 | I101: 12.208243 | J101: 2025_POSTERIOR_CARRYOVER | K101: P0_REGRESSED_2025_POSTERIOR | L101: -9.3980964 | M101: 90.601904 | N101: 105 | O101: 0.47011429 | P101: -0.47817143 | Q101: Complete | R101: PASS | S101: 0.354004 | T101: 95 | U101: 0.361612 | V101: 103 | W101: 0.37926 | X101: 93 | Y101: 0.38462356 | Z101: 103 | AA101: 0.2016 | AB101: 0.3968 | AC101: 0.4314 | AD101: 0.4649 | AE101: 0.75 | AF101: 0.4396 | AG101: 8.93 | AH101: 8 | AI101: AVAILABLE — exact from 2026_Board_J-B_Run2.xlsx | AJ101: 5.93 | AK101: 6 | AL101: 6.19 | AM101: -18.625778 | AN101: 99 | AO101: 13 | AP101: 2025 Baxter fitted rating | AQ101: -13.038044 | AR101: 101 | AS101: -0.43276926 | AT101: -13.470814 | AU101: 104 | AW101: BLOCKED | AX101: No play-by-play/drive efficiency, scoring-opportunity, explosiveness, field-position, havoc, or special-teams results; official SP+ coefficients are unavailable. | AY101: -9.9390418 | AZ101: 90.060958 | BA101: 106 | BB101: B | BE101: INITIALIZATION ONLY | BF101: 0.0083622871 | BG101: 10 | BH101: 12 | BI101: 12 | BJ101: 0 | BL101: PARTIAL — TOPOLOGY ONLY | BM101: =(F101-'Ensemble Parameters'!$B$20)/'Ensemble Parameters'!$C$20 -> -0.32089162 | BN101: =(L101-'Ensemble Parameters'!$B$21)/'Ensemble Parameters'!$C$21 -> -0.98511729 | BO101: =(S101-'Ensemble Parameters'!$B$22)/'Ensemble Parameters'!$C$22 -> -0.86418636 | BP101: =(W101-'Ensemble Parameters'!$B$23)/'Ensemble Parameters'!$C$23 -> -0.85651771 | BQ101: =AVERAGE(BO101:BP101) -> -0.86035204 | BR101: =(AQ101-'Ensemble Parameters'!$B$24)/'Ensemble Parameters'!$C$24 -> -0.85944095 | BS101: =BM101*'Ensemble Parameters'!$B$5+BN101*'Ensemble Parameters'!$B$6+BQ101*'Ensemble Parameters'!$B$8+BR101*'Ensemble Parameters'!$B$7 -> -0.75645047 | BT101: ='Ensemble Parameters'!$B$11+'Ensemble Parameters'!$B$12*BS101 -> 92.435495 | BU101: ='Ensemble Parameters'!$B$13*BS101 -> -10.590307 | BV101: =RANK(BT101,$BT$5:$BT$125,0) -> 94 | BW101: =STDEV(BM101,BN101,BQ101,BR101) -> 0.29631211 | BX101: =IF(BW101<'Ensemble Parameters'!$B$14,"High",IF(BW101<'Ensemble Parameters'!$B$15,"Moderate","Low")) -> High | BY101: =IF(BX101="Low","REVIEW — MODEL DISAGREEMENT","") | BZ101: 4
A102: Pac-12 | B102: Boise State | C102: BOISE | D102: 68 | E102: BOISE | F102: 24.899017 | G102: 51 | H102: 3.9324493 | I102: 13.101669 | J102: 2025_POSTERIOR_CARRYOVER | K102: P0_REGRESSED_2025_POSTERIOR | L102: -2.8611681 | M102: 97.138832 | N102: 61 | O102: 0.56640952 | P102: 1.0625524 | Q102: Complete | R102: PASS | S102: 0.481513 | T102: 42 | U102: 0.498321 | V102: 42 | W102: 0.48974 | X102: 43 | Y102: 0.50581646 | Z102: 42 | AA102: 0.3701 | AB102: 0.6404 | AC102: 0.4409 | AD102: 0.469 | AE102: 0.75 | AF102: 0.6706 | AG102: 10.47 | AH102: 0 | AI102: AVAILABLE — exact from 2026_Board_J-B_Run2.xlsx | AJ102: 8.62 | AK102: 8.42 | AL102: 8.67 | AM102: -8.7858014 | AN102: 61 | AO102: 14 | AP102: 2025 Baxter fitted rating | AQ102: -6.150061 | AR102: 63 | AS102: 0.16666119 | AT102: -5.9833998 | AU102: 68 | AW102: BLOCKED | AX102: No play-by-play/drive efficiency, scoring-opportunity, explosiveness, field-position, havoc, or special-teams results; official SP+ coefficients are unavailable. | AY102: -1.5541135 | AZ102: 98.445886 | BA102: 48 | BB102: B | BE102: INITIALIZATION ONLY | BF102: 0.0073898476 | BG102: 118 | BH102: 12 | BI102: 9 | BJ102: 2 | BL102: PARTIAL — TOPOLOGY ONLY | BM102: =(F102-'Ensemble Parameters'!$B$20)/'Ensemble Parameters'!$C$20 -> -0.057441852 | BN102: =(L102-'Ensemble Parameters'!$B$21)/'Ensemble Parameters'!$C$21 -> -0.29991032 | BO102: =(S102-'Ensemble Parameters'!$B$22)/'Ensemble Parameters'!$C$22 -> 0.025015187 | BP102: =(W102-'Ensemble Parameters'!$B$23)/'Ensemble Parameters'!$C$23 -> 0.0091463242 | BQ102: =AVERAGE(BO102:BP102) -> 0.017080756 | BR102: =(AQ102-'Ensemble Parameters'!$B$24)/'Ensemble Parameters'!$C$24 -> -0.402399 | BS102: =BM102*'Ensemble Parameters'!$B$5+BN102*'Ensemble Parameters'!$B$6+BQ102*'Ensemble Parameters'!$B$8+BR102*'Ensemble Parameters'!$B$7 -> -0.1856676 | BT102: ='Ensemble Parameters'!$B$11+'Ensemble Parameters'!$B$12*BS102 -> 98.143324 | BU102: ='Ensemble Parameters'!$B$13*BS102 -> -2.5993465 | BV102: =RANK(BT102,$BT$5:$BT$125,0) -> 51 | BW102: =STDEV(BM102,BN102,BQ102,BR102) -> 0.19796686 | BX102: =IF(BW102<'Ensemble Parameters'!$B$14,"High",IF(BW102<'Ensemble Parameters'!$B$15,"Moderate","Low")) -> High | BY102: =IF(BX102="Low","REVIEW — MODEL DISAGREEMENT","") | BZ102: 4
A103: Pac-12 | B103: Colorado State | C103: CSU | D103: 69 | E103: CSU | F103: 21.818883 | G103: 91 | H103: 4.0620138 | I103: 9.6328415 | J103: 2025_POSTERIOR_CARRYOVER | K103: P0_REGRESSED_2025_POSTERIOR | L103: -11.80356 | M103: 88.19644 | N103: 120 | O103: 0.4238 | P103: -1.2192 | Q103: Complete | R103: PASS | S103: 0.275391 | T103: 120 | U103: 0.277516 | V103: 118 | W103: 0.30538 | X103: 120 | Y103: 0.30483955 | Z103: 118 | AA103: 0.0806 | AB103: 0.4236 | AC103: 0.453 | AD103: 0.417 | AE103: 0.375 | AF103: 0.2993 | AG103: 12.63 | AH103: -2 | AI103: AVAILABLE — exact from 2026_Board_J-B_Run2.xlsx | AJ103: 4.32 | AK103: 4.47 | AL103: 4.1 | AM103: -21.515869 | AN103: 113 | AO103: 12 | AP103: 2025 Baxter fitted rating | AQ103: -15.061109 | AR103: 115 | AS103: -0.73444141 | AT103: -15.79555 | AU103: 118 | AW103: BLOCKED | AX103: No play-by-play/drive efficiency, scoring-opportunity, explosiveness, field-position, havoc, or special-teams results; official SP+ coefficients are unavailable. | AY103: -13.466905 | AZ103: 86.533095 | BA103: 120 | BB103: B | BE103: INITIALIZATION ONLY | BF103: 0.0079875425 | BG103: 116 | BH103: 12 | BI103: 10 | BJ103: 1 | BL103: PARTIAL — TOPOLOGY ONLY | BM103: =(F103-'Ensemble Parameters'!$B$20)/'Ensemble Parameters'!$C$20 -> -0.76400998 | BN103: =(L103-'Ensemble Parameters'!$B$21)/'Ensemble Parameters'!$C$21 -> -1.2372602 | BO103: =(S103-'Ensemble Parameters'!$B$22)/'Ensemble Parameters'!$C$22 -> -1.4124049 | BP103: =(W103-'Ensemble Parameters'!$B$23)/'Ensemble Parameters'!$C$23 -> -1.4354031 | BQ103: =AVERAGE(BO103:BP103) -> -1.423904 | BR103: =(AQ103-'Ensemble Parameters'!$B$24)/'Ensemble Parameters'!$C$24 -> -0.99367838 | BS103: =BM103*'Ensemble Parameters'!$B$5+BN103*'Ensemble Parameters'!$B$6+BQ103*'Ensemble Parameters'!$B$8+BR103*'Ensemble Parameters'!$B$7 -> -1.1047132 | BT103: ='Ensemble Parameters'!$B$11+'Ensemble Parameters'!$B$12*BS103 -> 88.952868 | BU103: ='Ensemble Parameters'!$B$13*BS103 -> -15.465984 | BV103: =RANK(BT103,$BT$5:$BT$125,0) -> 115 | BW103: =STDEV(BM103,BN103,BQ103,BR103) -> 0.28743632 | BX103: =IF(BW103<'Ensemble Parameters'!$B$14,"High",IF(BW103<'Ensemble Parameters'!$B$15,"Moderate","Low")) -> High | BY103: =IF(BX103="Low","REVIEW — MODEL DISAGREEMENT","") | BZ103: 4
A104: Pac-12 | B104: Fresno State | C104: FRES | D104: 70 | E104: FRES | F104: 22.247847 | G104: 84 | H104: 4.168716 | I104: 9.7416991 | J104: 2025_POSTERIOR_CARRYOVER | K104: P0_REGRESSED_2025_POSTERIOR | L104: -8.5212023 | M104: 91.478798 | N104: 100 | O104: 0.51421905 | P104: 0.22750476 | Q104: Complete | R104: PASS | S104: 0.366581 | T104: 83 | U104: 0.389081 | V104: 86 | W104: 0.392005 | X104: 82 | Y104: 0.41224458 | Z104: 86 | AA104: 0.1728 | AB104: 0.534 | AC104: 0.4281 | AD104: 0.427 | AE104: 0.75 | AF104: 0.6197 | AG104: 8.42 | AH104: 3 | AI104: AVAILABLE — exact from 2026_Board_J-B_Run2.xlsx | AJ104: 6.05 | AK104: 6.12 | AL104: 6.61 | AM104: -17.833987 | AN104: 94 | AO104: 12 | AP104: 2025 Baxter fitted rating | AQ104: -12.483791 | AR104: 96 | AS104: 0.21133474 | AT104: -12.272456 | AU104: 95 | AW104: BLOCKED | AX104: No play-by-play/drive efficiency, scoring-opportunity, explosiveness, field-position, havoc, or special-teams results; official SP+ coefficients are unavailable. | AY104: -7.6213478 | AZ104: 92.378652 | BA104: 92 | BB104: B | BE104: INITIALIZATION ONLY | BF104: 0.0080271117 | BG104: 112 | BH104: 12 | BI104: 10 | BJ104: 1 | BL104: PARTIAL — TOPOLOGY ONLY | BM104: =(F104-'Ensemble Parameters'!$B$20)/'Ensemble Parameters'!$C$20 -> -0.66560759 | BN104: =(L104-'Ensemble Parameters'!$B$21)/'Ensemble Parameters'!$C$21 -> -0.89320043 | BO104: =(S104-'Ensemble Parameters'!$B$22)/'Ensemble Parameters'!$C$22 -> -0.77647893 | BP104: =(W104-'Ensemble Parameters'!$B$23)/'Ensemble Parameters'!$C$23 -> -0.7566545 | BQ104: =AVERAGE(BO104:BP104) -> -0.76656671 | BR104: =(AQ104-'Ensemble Parameters'!$B$24)/'Ensemble Parameters'!$C$24 -> -0.82266428 | BS104: =BM104*'Ensemble Parameters'!$B$5+BN104*'Ensemble Parameters'!$B$6+BQ104*'Ensemble Parameters'!$B$8+BR104*'Ensemble Parameters'!$B$7 -> -0.78700975 | BT104: ='Ensemble Parameters'!$B$11+'Ensemble Parameters'!$B$12*BS104 -> 92.129902 | BU104: ='Ensemble Parameters'!$B$13*BS104 -> -11.018137 | BV104: =RANK(BT104,$BT$5:$BT$125,0) -> 96 | BW104: =STDEV(BM104,BN104,BQ104,BR104) -> 0.096097359 | BX104: =IF(BW104<'Ensemble Parameters'!$B$14,"High",IF(BW104<'Ensemble Parameters'!$B$15,"Moderate","Low")) -> High | BY104: =IF(BX104="Low","REVIEW — MODEL DISAGREEMENT","") | BZ104: 4
A105: Pac-12 | B105: Oregon State | C105: ORST | D105: 71 | E105: ORST | F105: 20.409633 | G105: 113 | H105: 4.2496537 | I105: 7.6606717 | J105: 2025_POSTERIOR_CARRYOVER | K105: P0_REGRESSED_2025_POSTERIOR | L105: -11.166683 | M105: 88.833317 | N105: 118 | O105: 0.45604762 | P105: -0.7032381 | Q105: Complete | R105: PASS | S105: 0.299182 | T105: 115 | U105: 0.298899 | V105: 113 | W105: 0.326535 | X105: 116 | Y105: 0.32382077 | Z105: 113 | AA105: 0.0933 | AB105: 0.4334 | AC105: 0.4508 | AD105: 0.57 | AE105: 0.375 | AF105: 0.296 | AG105: 12.22 | AH105: -2 | AI105: AVAILABLE — exact from 2026_Board_J-B_Run2.xlsx | AJ105: 4.55 | AK105: 4.65 | AL105: 4.2 | AM105: -22.269914 | AN105: 115 | AO105: 12 | AP105: 2025 Baxter fitted rating | AQ105: -15.588939 | AR105: 117 | AS105: -0.38646679 | AT105: -15.975406 | AU105: 119 | AW105: BLOCKED | AX105: No play-by-play/drive efficiency, scoring-opportunity, explosiveness, field-position, havoc, or special-teams results; official SP+ coefficients are unavailable. | AY105: -12.856429 | AZ105: 87.143571 | BA105: 118 | BB105: B | BE105: INITIALIZATION ONLY | BF105: 0.0079869274 | BG105: 117 | BH105: 12 | BI105: 10 | BJ105: 1 | BL105: PARTIAL — TOPOLOGY ONLY | BM105: =(F105-'Ensemble Parameters'!$B$20)/'Ensemble Parameters'!$C$20 -> -1.0872853 | BN105: =(L105-'Ensemble Parameters'!$B$21)/'Ensemble Parameters'!$C$21 -> -1.1705022 | BO105: =(S105-'Ensemble Parameters'!$B$22)/'Ensemble Parameters'!$C$22 -> -1.2464951 | BP105: =(W105-'Ensemble Parameters'!$B$23)/'Ensemble Parameters'!$C$23 -> -1.2696435 | BQ105: =AVERAGE(BO105:BP105) -> -1.2580693 | BR105: =(AQ105-'Ensemble Parameters'!$B$24)/'Ensemble Parameters'!$C$24 -> -1.0287018 | BS105: =BM105*'Ensemble Parameters'!$B$5+BN105*'Ensemble Parameters'!$B$6+BQ105*'Ensemble Parameters'!$B$8+BR105*'Ensemble Parameters'!$B$7 -> -1.1361397 | BT105: ='Ensemble Parameters'!$B$11+'Ensemble Parameters'!$B$12*BS105 -> 88.638603 | BU105: ='Ensemble Parameters'!$B$13*BS105 -> -15.905955 | BV105: =RANK(BT105,$BT$5:$BT$125,0) -> 117 | BW105: =STDEV(BM105,BN105,BQ105,BR105) -> 0.099962104 | BX105: =IF(BW105<'Ensemble Parameters'!$B$14,"High",IF(BW105<'Ensemble Parameters'!$B$15,"Moderate","Low")) -> High | BY105: =IF(BX105="Low","REVIEW — MODEL DISAGREEMENT","") | BZ105: 4
A106: Pac-12 | B106: San Diego State | C106: SDSU | D106: 72 | E106: SDSU | F106: 22.873113 | G106: 74 | H106: 4.0258839 | I106: 10.795461 | J106: 2025_POSTERIOR_CARRYOVER | K106: P0_REGRESSED_2025_POSTERIOR | L106: -7.4295245 | M106: 92.570476 | N106: 91 | O106: 0.56984762 | P106: 1.1175619 | Q106: Complete | R106: PASS | S106: 0.390458 | T106: 77 | U106: 0.411422 | V106: 72 | W106: 0.41729 | X106: 71 | Y106: 0.43586869 | Z106: 72 | AA106: 0.155 | AB106: 0.6537 | AC106: 0.4512 | AD106: 0.445 | AE106: 0.75 | AF106: 0.6263 | AG106: 12.3 | AH106: -5 | AI106: AVAILABLE — exact from 2026_Board_J-B_Run2.xlsx | AJ106: 7.37 | AK106: 7.5 | AL106: 8.4 | AM106: -18.093413 | AN106: 97 | AO106: 13 | AP106: 2025 Baxter fitted rating | AQ106: -12.665389 | AR106: 99 | AS106: 1.0203257 | AT106: -11.645064 | AU106: 92 | AW106: BLOCKED | AX106: No play-by-play/drive efficiency, scoring-opportunity, explosiveness, field-position, havoc, or special-teams results; official SP+ coefficients are unavailable. | AY106: -6.4768699 | AZ106: 93.52313 | BA106: 85 | BB106: B | BE106: INITIALIZATION ONLY | BF106: 0.00678723 | BG106: 121 | BH106: 12 | BI106: 8 | BJ106: 3 | BL106: PARTIAL — TOPOLOGY ONLY | BM106: =(F106-'Ensemble Parameters'!$B$20)/'Ensemble Parameters'!$C$20 -> -0.52217454 | BN106: =(L106-'Ensemble Parameters'!$B$21)/'Ensemble Parameters'!$C$21 -> -0.77876973 | BO106: =(S106-'Ensemble Parameters'!$B$22)/'Ensemble Parameters'!$C$22 -> -0.60996938 | BP106: =(W106-'Ensemble Parameters'!$B$23)/'Ensemble Parameters'!$C$23 -> -0.55853434 | BQ106: =AVERAGE(BO106:BP106) -> -0.58425186 | BR106: =(AQ106-'Ensemble Parameters'!$B$24)/'Ensemble Parameters'!$C$24 -> -0.83471397 | BS106: =BM106*'Ensemble Parameters'!$B$5+BN106*'Ensemble Parameters'!$B$6+BQ106*'Ensemble Parameters'!$B$8+BR106*'Ensemble Parameters'!$B$7 -> -0.67997753 | BT106: ='Ensemble Parameters'!$B$11+'Ensemble Parameters'!$B$12*BS106 -> 93.200225 | BU106: ='Ensemble Parameters'!$B$13*BS106 -> -9.5196854 | BV106: =RANK(BT106,$BT$5:$BT$125,0) -> 84 | BW106: =STDEV(BM106,BN106,BQ106,BR106) -> 0.15029799 | BX106: =IF(BW106<'Ensemble Parameters'!$B$14,"High",IF(BW106<'Ensemble Parameters'!$B$15,"Moderate","Low")) -> High | BY106: =IF(BX106="Low","REVIEW — MODEL DISAGREEMENT","") | BZ106: 4
A107: Pac-12 | B107: Texas State | C107: TXST | D107: 73 | E107: TXST | F107: 22.482316 | G107: 82 | H107: 4.1706811 | I107: 9.9702729 | J107: 2025_POSTERIOR_CARRYOVER | K107: P0_REGRESSED_2025_POSTERIOR | L107: -8.4792027 | M107: 91.520797 | N107: 98 | O107: 0.53314286 | P107: 0.53028571 | Q107: Complete | R107: PASS | S107: 0.364913 | T107: 87 | U107: 0.380325 | V107: 89 | W107: 0.393385 | X107: 85 | Y107: 0.40626635 | Z107: 89 | AA107: 0.1441 | AB107: 0.54 | AC107: 0.443 | AD107: 0.492 | AE107: 0.75 | AF107: 0.5383 | AG107: 10.84 | AH107: 2 | AI107: AVAILABLE — exact from 2026_Board_J-B_Run2.xlsx | AJ107: 6.26 | AK107: 6.42 | AL107: 7.16 | AM107: -19.75037 | AN107: 104 | AO107: 12 | AP107: 2025 Baxter fitted rating | AQ107: -13.825259 | AR107: 106 | AS107: 0.58598527 | AT107: -13.239274 | AU107: 102 | AW107: BLOCKED | AX107: No play-by-play/drive efficiency, scoring-opportunity, explosiveness, field-position, havoc, or special-teams results; official SP+ coefficients are unavailable. | AY107: -8.2305481 | AZ107: 91.769452 | BA107: 94 | BB107: B | BE107: INITIALIZATION ONLY | BF107: 0.0079876921 | BG107: 115 | BH107: 12 | BI107: 10 | BJ107: 1 | BL107: PARTIAL — TOPOLOGY ONLY | BM107: =(F107-'Ensemble Parameters'!$B$20)/'Ensemble Parameters'!$C$20 -> -0.61182153 | BN107: =(L107-'Ensemble Parameters'!$B$21)/'Ensemble Parameters'!$C$21 -> -0.88879799 | BO107: =(S107-'Ensemble Parameters'!$B$22)/'Ensemble Parameters'!$C$22 -> -0.78811095 | BP107: =(W107-'Ensemble Parameters'!$B$23)/'Ensemble Parameters'!$C$23 -> -0.74584153 | BQ107: =AVERAGE(BO107:BP107) -> -0.76697624 | BR107: =(AQ107-'Ensemble Parameters'!$B$24)/'Ensemble Parameters'!$C$24 -> -0.91167542 | BS107: =BM107*'Ensemble Parameters'!$B$5+BN107*'Ensemble Parameters'!$B$6+BQ107*'Ensemble Parameters'!$B$8+BR107*'Ensemble Parameters'!$B$7 -> -0.79481779 | BT107: ='Ensemble Parameters'!$B$11+'Ensemble Parameters'!$B$12*BS107 -> 92.051822 | BU107: ='Ensemble Parameters'!$B$13*BS107 -> -11.127449 | BV107: =RANK(BT107,$BT$5:$BT$125,0) -> 97 | BW107: =STDEV(BM107,BN107,BQ107,BR107) -> 0.1375388 | BX107: =IF(BW107<'Ensemble Parameters'!$B$14,"High",IF(BW107<'Ensemble Parameters'!$B$15,"Moderate","Low")) -> High | BY107: =IF(BX107="Low","REVIEW — MODEL DISAGREEMENT","") | BZ107: 4
A108: Pac-12 | B108: Utah State | C108: USU | D108: 74 | E108: USU | F108: 22.694935 | G108: 78 | H108: 4.0165926 | I108: 10.645157 | J108: 2025_POSTERIOR_CARRYOVER | K108: P0_REGRESSED_2025_POSTERIOR | L108: -7.8260714 | M108: 92.173929 | N108: 93 | O108: 0.49549524 | P108: -0.07207619 | Q108: Complete | R108: PASS | S108: 0.378788 | T108: 90 | U108: 0.378584 | V108: 92 | W108: 0.402215 | X108: 90 | Y108: 0.39992922 | Z108: 92 | AA108: 0.2256 | AB108: 0.4735 | AC108: 0.4437 | AD108: 0.4263 | AE108: 0.75 | AF108: 0.3765 | AG108: 10.96 | AH108: 2 | AI108: AVAILABLE — exact from 2026_Board_J-B_Run2.xlsx | AJ108: 5.72 | AK108: 5.85 | AL108: 6.27 | AM108: -17.309403 | AN108: 93 | AO108: 12 | AP108: 2025 Baxter fitted rating | AQ108: -12.116582 | AR108: 95 | AS108: -0.17699239 | AT108: -12.293574 | AU108: 96 | AW108: BLOCKED | AX108: No play-by-play/drive efficiency, scoring-opportunity, explosiveness, field-position, havoc, or special-teams results; official SP+ coefficients are unavailable. | AY108: -8.8718168 | AZ108: 91.128183 | BA108: 99 | BB108: B | BE108: INITIALIZATION ONLY | BF108: 0.0079967184 | BG108: 113 | BH108: 12 | BI108: 10 | BJ108: 1 | BL108: PARTIAL — TOPOLOGY ONLY | BM108: =(F108-'Ensemble Parameters'!$B$20)/'Ensemble Parameters'!$C$20 -> -0.56304774 | BN108: =(L108-'Ensemble Parameters'!$B$21)/'Ensemble Parameters'!$C$21 -> -0.82033615 | BO108: =(S108-'Ensemble Parameters'!$B$22)/'Ensemble Parameters'!$C$22 -> -0.69135173 | BP108: =(W108-'Ensemble Parameters'!$B$23)/'Ensemble Parameters'!$C$23 -> -0.67665423 | BQ108: =AVERAGE(BO108:BP108) -> -0.68400298 | BR108: =(AQ108-'Ensemble Parameters'!$B$24)/'Ensemble Parameters'!$C$24 -> -0.79829867 | BS108: =BM108*'Ensemble Parameters'!$B$5+BN108*'Ensemble Parameters'!$B$6+BQ108*'Ensemble Parameters'!$B$8+BR108*'Ensemble Parameters'!$B$7 -> -0.71642138 | BT108: ='Ensemble Parameters'!$B$11+'Ensemble Parameters'!$B$12*BS108 -> 92.835786 | BU108: ='Ensemble Parameters'!$B$13*BS108 -> -10.029899 | BV108: =RANK(BT108,$BT$5:$BT$125,0) -> 91 | BW108: =STDEV(BM108,BN108,BQ108,BR108) -> 0.11842944 | BX108: =IF(BW108<'Ensemble Parameters'!$B$14,"High",IF(BW108<'Ensemble Parameters'!$B$15,"Moderate","Low")) -> High | BY108: =IF(BX108="Low","REVIEW — MODEL DISAGREEMENT","") | BZ108: 4
A109: Pac-12 | B109: Washington State | C109: WSU | D109: 75 | E109: WSU | F109: 23.23575 | G109: 68 | H109: 4.1680699 | I109: 10.73154 | J109: 2025_POSTERIOR_CARRYOVER | K109: P0_REGRESSED_2025_POSTERIOR | L109: -7.0952211 | M109: 92.904779 | N109: 89 | O109: 0.39962857 | P109: -1.6059429 | Q109: Complete | R109: PASS | S109: 0.326927 | T109: 107 | U109: 0.33152 | V109: 106 | W109: 0.345445 | X109: 108 | Y109: 0.34839211 | Z109: 106 | AA109: 0.2315 | AB109: 0.3676 | AC109: 0.4524 | AD109: 0.403 | AE109: 0.375 | AF109: 0.3786 | AG109: 12.52 | AH109: -1 | AI109: AVAILABLE — exact from 2026_Board_J-B_Run2.xlsx | AJ109: 5.05 | AK109: 5.03 | AL109: 4.28 | AM109: -10.098443 | AN109: 72 | AO109: 12 | AP109: 2025 Baxter fitted rating | AQ109: -7.0689101 | AR109: 74 | AS109: -1.5873244 | AT109: -8.6562345 | AU109: 84 | AW109: BLOCKED | AX109: No play-by-play/drive efficiency, scoring-opportunity, explosiveness, field-position, havoc, or special-teams results; official SP+ coefficients are unavailable. | AY109: -8.1241666 | AZ109: 91.875833 | BA109: 93 | BB109: B | BE109: INITIALIZATION ONLY | BF109: 0.007987837 | BG109: 114 | BH109: 12 | BI109: 10 | BJ109: 1 | BL109: PARTIAL — TOPOLOGY ONLY | BM109: =(F109-'Ensemble Parameters'!$B$20)/'Ensemble Parameters'!$C$20 -> -0.43898734 | BN109: =(L109-'Ensemble Parameters'!$B$21)/'Ensemble Parameters'!$C$21 -> -0.74372774 | BO109: =(S109-'Ensemble Parameters'!$B$22)/'Ensemble Parameters'!$C$22 -> -1.0530115 | BP109: =(W109-'Ensemble Parameters'!$B$23)/'Ensemble Parameters'!$C$23 -> -1.1214745 | BQ109: =AVERAGE(BO109:BP109) -> -1.087243 | BR109: =(AQ109-'Ensemble Parameters'!$B$24)/'Ensemble Parameters'!$C$24 -> -0.46336787 | BS109: =BM109*'Ensemble Parameters'!$B$5+BN109*'Ensemble Parameters'!$B$6+BQ109*'Ensemble Parameters'!$B$8+BR109*'Ensemble Parameters'!$B$7 -> -0.6833315 | BT109: ='Ensemble Parameters'!$B$11+'Ensemble Parameters'!$B$12*BS109 -> 93.166685 | BU109: ='Ensemble Parameters'!$B$13*BS109 -> -9.566641 | BV109: =RANK(BT109,$BT$5:$BT$125,0) -> 86 | BW109: =STDEV(BM109,BN109,BQ109,BR109) -> 0.30269914 | BX109: =IF(BW109<'Ensemble Parameters'!$B$14,"High",IF(BW109<'Ensemble Parameters'!$B$15,"Moderate","Low")) -> Moderate | BY109: =IF(BX109="Low","REVIEW — MODEL DISAGREEMENT","") | BZ109: 4
... A125: SEC | B125: Vanderbilt | C125: VAN | D125: 16 | E125: VAN | F125: 33.6243 | G125: 6 | H125: 3.9849042 | I125: 21.669587 | J125: 2025_POSTERIOR_CARRYOVER | K125: P0_REGRESSED_2025_POSTERIOR | L125: 15.629675 | M125: 115.62968 | N125: 14 | O125: 0.5627619 | P125: 1.0041905 | Q125: Complete | R125: PASS | S125: 0.679402 | T125: 18 | U125: 0.662682 | V125: 18 | W125: 0.663565 | X125: 18 | Y125: 0.64825254 | Z125: 18 | AA125: 0.8325 | AB125: 0.4167 | AC125: 0.5174 | AD125: 0.595 | AE125: 1 | AF125: 0.4913 | AG125: 27.46 | AH125: 0 | AI125: AVAILABLE — exact from 2026_Board_J-B_Run2.xlsx | AJ125: 9.39 | AK125: 9.11 | AL125: 8.92 | AM125: 39.554411 | AN125: 11 | AO125: 16 | AP125: 2025 Baxter fitted rating | AQ125: 27.688088 | AR125: 11 | AS125: -1.2417101 | AT125: 26.446378 | AU125: 13 | AW125: BLOCKED | AX125: No play-by-play/drive efficiency, scoring-opportunity, explosiveness, field-position, havoc, or special-teams results; official SP+ coefficients are unavailable. | AY125: 15.50233 | AZ125: 115.50233 | BA125: 18 | BB125: B | BE125: INITIALIZATION ONLY | BF125: 0.0088329484 | BG125: 4 | BH125: 13 | BI125: 13 | BJ125: 0 | BL125: PARTIAL — TOPOLOGY ONLY | BM125: =(F125-'Ensemble Parameters'!$B$20)/'Ensemble Parameters'!$C$20 -> 1.9440964 | BN125: =(L125-'Ensemble Parameters'!$B$21)/'Ensemble Parameters'!$C$21 -> 1.6383172 | BO125: =(S125-'Ensemble Parameters'!$B$22)/'Ensemble Parameters'!$C$22 -> 1.4050214 | BP125: =(W125-'Ensemble Parameters'!$B$23)/'Ensemble Parameters'!$C$23 -> 1.371149 | BQ125: =AVERAGE(BO125:BP125) -> 1.3880852 | BR125: =(AQ125-'Ensemble Parameters'!$B$24)/'Ensemble Parameters'!$C$24 -> 1.8428813 | BS125: =BM125*'Ensemble Parameters'!$B$5+BN125*'Ensemble Parameters'!$B$6+BQ125*'Ensemble Parameters'!$B$8+BR125*'Ensemble Parameters'!$B$7 -> 1.703345 | BT125: ='Ensemble Parameters'!$B$11+'Ensemble Parameters'!$B$12*BS125 -> 117.03345 | BU125: ='Ensemble Parameters'!$B$13*BS125 -> 23.846831 | BV125: =RANK(BT125,$BT$5:$BT$125,0) -> 12 | BW125: =STDEV(BM125,BN125,BQ125,BR125) -> 0.24566171 | BX125: =IF(BW125<'Ensemble Parameters'!$B$14,"High",IF(BW125<'Ensemble Parameters'!$B$15,"Moderate","Low")) -> High | BY125: =IF(BX125="Low","REVIEW — MODEL DISAGREEMENT","") | BZ125: 4

Sheet Ensemble Parameters
A1: 2026 Unified Preseason Power Rating — Ensemble Parameters
A2: Only completed, independent rating families receive weight. Seeds, committee overlays, enhanced/derived duplicates, schedule topology, and blocked systems receive zero weight.
A4: Component | B4: Weight | C4: Role | D4: Included source field
A5: TrueSkill | B5: 0.25 | C5: Results-based latent strength | D5: TrueSkill 2026 Preseason μ
A6: Litkenhous | B6: 0.25 | C6: Forward-looking offseason-adjusted power | D6: Litkenhous Adjusted Power
A7: Pure Baxter | B7: 0.25 | C7: Margin-based results carry-forward | D7: 2026 Pure Baxter Rating
A8: Board Family | B8: 0.25 | C8: Forward-looking component family | D8: Average of standardized Board I-H and Board J-B
A10: Output Controls
A11: Index center | B11: 100 | C11: Master Power Index center
A12: Index scale | B12: 10 | C12: Index points per standard deviation
A13: Neutral-field point scale | B13: 14 | C13: Initial points per standard deviation; recalibrate against game margins
A14: High-confidence maximum disagreement | B14: 0.3 | C14: Family standard deviation below this is High
A15: Moderate-confidence maximum disagreement | B15: 0.6 | C15: Below this is Moderate; otherwise Low
A18: Population Statistics
A19: System | B19: Mean | C19: Std Dev | D19: Master column
A20: TrueSkill | B20: =AVERAGE('Master Ratings'!F5:F125) -> 25.149423 | C20: =STDEV('Master Ratings'!F5:F125) -> 4.3592884 | D20: F
A21: Litkenhous | B21: =AVERAGE('Master Ratings'!L5:L125) -> 0 | C21: =STDEV('Master Ratings'!L5:L125) -> 9.5400786 | D21: L
A22: Board I-H | B22: =AVERAGE('Master Ratings'!S5:S125) -> 0.47792589 | C22: =STDEV('Master Ratings'!S5:S125) -> 0.14339719 | D22: S
A23: Board J-B | B23: =AVERAGE('Master Ratings'!W5:W125) -> 0.4885727 | C23: =STDEV('Master Ratings'!W5:W125) -> 0.12762457 | D23: W
A24: Pure Baxter | B24: =AVERAGE('Master Ratings'!AQ5:AQ125) -> -0.085590124 | C24: =STDEV('Master Ratings'!AQ5:AQ125) -> 15.07079 | D24: AQ
A27: Zero-weight fields
A28: Board committee ratings
A29: Board J expected wins
A30: 2026 Enhanced Baxter
A31: SP+ (blocked)
A32: Billingsley seed and active rating
A33: Markov schedule PageRank and performance rating

Sheet Data Dictionary
A1: Field | B1: Definition | C1: Selection rule / source
A2: TrueSkill 2026 Preseason μ | B2: Posterior-mean team strength after offseason regression toward the population mean. | C2: μ2026 = 25 + 0.70 × (μ2025 − 25); from TrueSkill consolidation.
A3: TrueSkill σ | B3: Preseason uncertainty after offseason uncertainty is added. | C3: σ2026 = sqrt(σ2025² + 3²); population prior used where 2025 evidence is absent.
A4: TrueSkill μ−3σ | B4: Conservative lower-bound skill value. | C4: Included for auditability; primary power field is Preseason μ.
A5: Litkenhous Adjusted Power | B5: Power value after the explicit offseason composite adjustment. | C5: Selected instead of Pure Carryover Power and instead of Market Power.
A6: Litkenhous Adjusted Rating | B6: Adjusted Power shifted onto the published rating scale. | C6: Source file field; equals Adjusted Power + 100.
A7: Board J | B7: Simulation outcome board containing wins and postseason probabilities. | C7: Not included as a rating system because the supplied comparison has no team power-rating field.
A8: Board I-H Power Rating (power_H) | B8: Explicit Board I-H v2 team power value. | C8: Directly imported from 2026 Board I-H v2.xlsx field power_H.
A9: Board I-H Committee Rating (committee_H) | B9: Board I-H committee blend associated with the power rating. | C9: Directly imported; retained separately from power_H.
A10: Board J-B Run2 Power Rating | B10: Exact Board J-B Run 2 post-offseason team power input. | C10: power_Run2 from 2026_Board_J-B_Run2.xlsx.
A11: Board J-A/B/C Expected Wins | B11: Simulation output under each Board J configuration. | C11: Included as downstream outputs; not labeled or treated as power ratings.
A12: Board J-B Run2 Power Rank | B12: Ordinal rank corresponding to power_Run2. | C12: rank_Run2 from Run 2 workbook.
... A23: Markov Performance Rating | B23: Outcome-based Markov team-strength value. | C23: BLOCKED in supplied artifact because 2026 winners/losers or authorized projected outcomes were absent.
A25: Unified Ensemble Fields
A26: TrueSkill Z | B26: Standardized TrueSkill preseason μ across 121 teams.
A27: Litkenhous Z | B27: Standardized Litkenhous Adjusted Power.
A28: Board Family Z | B28: Average of standardized Board I-H power and Board J-B power.
A29: Pure Baxter Z | B29: Standardized 2026 Pure Baxter carry-forward rating.
A30: Unified Master Z | B30: 25% each: TrueSkill, Litkenhous, Pure Baxter, Board family.
A31: Unified Master Power Index | B31: 100 + 10 × Unified Master Z.
A32: Unified Neutral-Field Points | B32: 14 × Unified Master Z; initial scale pending margin calibration.
A33: Family Disagreement | B33: Sample standard deviation of four independent-family Z scores.
A34: Confidence Grade | B34: High <0.30; Moderate <0.60; otherwise Low.
A35: Review Flag | B35: Flags Low-confidence model disagreement for review.

Sheet Validation
A1: Check | B1: Expected | C1: Actual | D1: Status
A2: Master team rows | B2: 121 | C2: 121 | D2: PASS
A3: TrueSkill teams | B3: 121 | C3: 121 | D3: PASS
A4: Litkenhous teams | B4: 121 | C4: 121 | D4: PASS
A5: Missing from TrueSkill | B5: 0 | C5: 0 | D5: PASS
A6: Missing from Litkenhous | B6: 0 | C6: 0 | D6: PASS
A7: Conference conflicts | B7: 0 | C7: 0 | D7: PASS
A8: Conference total | B8: 10 | C8: 10 | D8: PASS
A9: Board I-H teams | B9: 121 | C9: 121 | D9: PASS
A10: Missing from Board I-H | B10: 0 | C10: 0 | D10: PASS
A11: Board J comparison teams | B11: 121 | C11: 121 | D11: PASS
A12: Missing from Board J comparison | B12: 0 | C12: 0 | D12: PASS
A13: Board J explicit power-rating field | B13: Required for direct import | C13: Not supplied | D13: BLOCKED
A14: Board J-B Run2 team matches | B14: 121 | C14: 121 | D14: PASS
A15: Board J-B Run2 power populated | B15: 121 | C15: 121 | D15: PASS
A16: Board J-B Run2 committee populated | B16: 121 | C16: 121 | D16: PASS
A17: Board J-B conference alignment conflicts | B17: 0 | C17: 0 | D17: PASS
A18: Baxter carry-forward teams | B18: 121 | C18: 121 | D18: PASS
A19: Missing from Baxter carry-forward | B19: 0 | C19: 0 | D19: PASS
A20: 2026 Pure Baxter populated | B20: 121 | C20: 121 | D20: PASS
A21: 2026 Enhanced Baxter populated | B21: 121 | C21: 121 | D21: PASS
A22: Baxter source type | B22: Pre-consolidation independent rating block | C22: Preserved separately | D22: PASS
A23: SP+/Billingsley/Markov source teams | B23: 121 | C23: 121 | D23: PASS
A24: Billingsley matched master teams | B24: 121 | C24: 121 | D24: PASS
A25: Markov matched master teams | B25: 121 | C25: 121 | D25: PASS
A26: SP+ completed ratings expected | B26: 0 | C26: 0 | D26: PASS
A27: Billingsley active ratings expected | B27: 0 | C27: 0 | D27: PASS
A28: Markov performance ratings expected | B28: 0 | C28: 0 | D28: PASS
A29: Team match exceptions | B29: 0 | C29: 0 | D29: PASS
A31: Unified Ensemble Validation
A32: Team rows | B32: =COUNTA('Master Ratings'!B5:B125) -> 121 | C32: 121 | D32: =IF(B32=C32,"PASS","FAIL") -> PASS
A33: Ensemble weights sum | B33: =SUM('Ensemble Parameters'!B5:B8) -> 1 | C33: 1 | D33: =IF(B33=C33,"PASS","FAIL") -> PASS
A34: Master ratings populated | B34: =COUNT('Master Ratings'!BT5:BT125) -> 121 | C34: 121 | D34: =IF(B34=C34,"PASS","FAIL") -> PASS
A35: Ranks populated | B35: =COUNT('Master Ratings'!BV5:BV125) -> 121 | C35: 121 | D35: =IF(B35=C35,"PASS","FAIL") -> PASS
A36: Included family count | B36: =MIN('Master Ratings'!BZ5:BZ125) -> 4 | C36: 4 | D36: =IF(B36=C36,"PASS","FAIL") -> PASS

Sheet Sources
A1: Artifact | B1: Role in master | C1: Local source file | D1: Included field(s)
A2: Operation Sythalax TrueSkill 2025–2026 Thread Consolidation | B2: TrueSkill offseason-transition rating | C2: Operation_Sythalax_TrueSkill_2025_2026_Thread_Consolidation.xlsx | D2: 2026 Preseason μ, σ, μ−3σ, ranks and lineage
A3: 2026 Synthetic FBS Litkenhous Preseason Three Layer | B3: Litkenhous post-offseason rating | C3: 2026_Synthetic_FBS_Litkenhous_Preseason_Three_Layer.csv | D3: Adjusted Power, Adjusted Rating, Adjusted Rank, offseason fields
A4: Board-J-A vs J-B vs J-C Comparison | B4: Board J simulation comparison and expected-win outputs | C4: Board-J-A_vs_J-B_vs_J-C_Comparison.csv | D4: A/B/C expected wins; no team power-rating field supplied
A5: Board-J-A Schedule v5 Name Adapter | B5: Identity/schedule context only | C5: Board-J-A_Schedule_v5_Name_Adapter.xlsx | D5: No rating field
A6: 2026 Board I-H v2 | B6: Board I-H team power and committee ratings | C6: 2026 Board I-H v2.xlsx | D6: power_H, rank_H, committee_H, rank_I
A7: 2026 Board J-B Run2 | B7: Exact Board J-B power, committee, ranks and component inputs | C7: 2026_Board_J-B_Run2.xlsx | D7: power_Run2; rank_Run2; committee_Run2; rank_I; baseline; returning; movement; talent; coaching; market; 247_pts; shift
A8: 2026 Synthetic CFB Preseason Baxter Carry-Forward | B8: Baxter 2025 margin-fit carry-forward and optional offseason scenario | C8: 2026_Synthetic_CFB_Preseason_Baxter_Carryforward.xlsx | D8: 2025 Baxter Ridge; 2025 rank/games; carryforward status; 2026 Pure Baxter/rank; offseason adjustment; Enhanced Baxter/rank
A9: Google Drive source | B9: Original Baxter fit artifact | C9: https://drive.google.com/file/d/1aJXq0o-qI9I-zytlUWTRoma9FTfzs-py | D9: Baxter_Ratings_v1_2025_Fit.xlsx
A10: Sythalax 2026 SP+ Billingsley Markov Build | B10: SP+ readiness status, Billingsley preseason seed, and Markov schedule topology | C10: Sythalax_2026_SPPlus_Billingsley_Markov_Build(1).xlsx | D10: SP+ blank/status; Billingsley seed power/rating/rank/status; Markov schedule PageRank/topology rank/schedule counts/status
A12: Unified ensemble methodology | B12: Internal governed calculation using source fields already present in this workbook; parameters documented in Ensemble Parameters.
